,Unnamed: 0,Season,WK,Fav,Line,Dog
0,0,2011,1,Green Bay,5.0,New Orleans
1,1,2011,1,Baltimore,1.0,Pittsburgh
2,2,2011,1,Tampa Bay,1.5,Detroit
3,3,2011,1,Atlanta,2.0,Chicago
4,4,2011,1,Kansas City,4.0,Buffalo
5,5,2011,1,Houston,8.5,Indianapolis
6,6,2011,1,Philadelphia,4.0,LA Rams
7,7,2011,1,Cleveland,7.0,Cincinnati
8,8,2011,1,Tennessee,1.0,Jacksonville
9,9,2011,1,NY Giants,1.0,Washington
10,10,2011,1,Arizona,6.5,Carolina
11,11,2011,1,San Francisco,6.0,Seattle
12,12,2011,1,LA Chargers,9.0,Minnesota
13,13,2011,1,NY Jets,6.5,Dallas
14,14,2011,1,New England,7.0,Miami
15,15,2011,1,Denver,3.0,Oakland
16,16,2011,2,NY Jets,9.5,Jacksonville
17,17,2011,2,New Orleans,6.5,Chicago
18,18,2011,2,Detroit,8.0,Kansas City
19,19,2011,2,Buffalo,3.0,Oakland
20,20,2011,2,Washington,3.5,Arizona
21,21,2011,2,Baltimore,6.0,Tennessee
22,22,2011,2,Pittsburgh,14.0,Seattle
23,23,2011,2,Green Bay,10.0,Carolina
24,24,2011,2,Minnesota,3.0,Tampa Bay
25,25,2011,2,Cleveland,2.0,Indianapolis
26,26,2011,2,Dallas,3.0,San Francisco
27,27,2011,2,Houston,3.0,Miami
28,28,2011,2,New England,7.0,LA Chargers
29,29,2011,2,Denver,3.5,Cincinnati
30,30,2011,2,Philadelphia,2.5,Atlanta
31,31,2011,2,NY Giants,6.0,LA Rams
32,32,2011,3,Philadelphia,7.5,NY Giants
33,33,2011,3,NY Jets,3.5,Oakland
34,34,2011,3,Cincinnati,2.5,San Francisco
35,35,2011,3,New England,8.5,Buffalo
36,36,2011,3,New Orleans,4.0,Houston
37,37,2011,3,Cleveland,2.5,Miami
38,38,2011,3,Tennessee,6.5,Denver
39,39,2011,3,Detroit,3.5,Minnesota
40,40,2011,3,Carolina,3.5,Jacksonville
41,41,2011,3,LA Chargers,14.5,Kansas City
42,42,2011,3,Baltimore,4.0,LA Rams
43,43,2011,3,Tampa Bay,1.5,Atlanta
44,44,2011,3,Arizona,3.5,Seattle
45,45,2011,3,Green Bay,3.5,Chicago
46,46,2011,3,Pittsburgh,10.5,Indianapolis
47,47,2011,3,Dallas,6.5,Washington
48,48,2011,4,NY Giants,1.5,Arizona
49,49,2011,4,Baltimore,3.5,NY Jets
50,50,2011,4,Dallas,1.5,Detroit
51,51,2011,4,New Orleans,7.0,Jacksonville
52,52,2011,4,Philadelphia,8.5,San Francisco
53,53,2011,4,Washington,1.5,LA Rams
54,54,2011,4,Cleveland,1.5,Tennessee
55,55,2011,4,Buffalo,3.0,Cincinnati
56,56,2011,4,Minnesota,1.5,Kansas City
57,57,2011,4,Chicago,6.5,Carolina
58,58,2011,4,Houston,4.0,Pittsburgh
59,59,2011,4,Atlanta,4.5,Seattle
60,60,2011,4,LA Chargers,7.0,Miami
61,61,2011,4,Green Bay,12.5,Denver
62,62,2011,4,New England,4.5,Oakland
63,63,2011,4,Tampa Bay,10.0,Indianapolis
64,64,2011,5,NY Giants,10.0,Seattle
65,65,2011,5,New England,9.0,NY Jets
66,66,2011,5,Indianapolis,2.5,Kansas City
67,67,2011,5,Minnesota,2.5,Arizona
68,68,2011,5,Philadelphia,2.5,Buffalo
69,69,2011,5,Houston,6.0,Oakland
70,70,2011,5,New Orleans,6.5,Carolina
71,71,2011,5,Jacksonville,2.5,Cincinnati
72,72,2011,5,Pittsburgh,3.0,Tennessee
73,73,2011,5,San Francisco,3.0,Tampa Bay
74,74,2011,5,LA Chargers,4.0,Denver
75,75,2011,5,Green Bay,6.0,Atlanta
76,76,2011,5,Detroit,5.5,Chicago
77,77,2011,6,NY Giants,3.5,Buffalo
78,78,2011,6,Green Bay,15.0,LA Rams
79,79,2011,6,Pittsburgh,12.0,Jacksonville
80,80,2011,6,Philadelphia,1.5,Washington
81,81,2011,6,Detroit,4.5,San Francisco
82,82,2011,6,Atlanta,4.0,Carolina
83,83,2011,6,Cincinnati,7.0,Indianapolis
84,84,2011,6,Baltimore,7.5,Houston
85,85,2011,6,Oakland,6.5,Cleveland
86,86,2011,6,New England,7.0,Dallas
87,87,2011,6,New Orleans,4.5,Tampa Bay
88,88,2011,6,Chicago,3.0,Minnesota
89,89,2011,6,NY Jets,7.0,Miami
90,90,2011,7,LA Chargers,2.0,NY Jets
91,91,2011,7,Chicago,1.0,Tampa Bay
92,92,2011,7,Carolina,2.5,Washington
93,93,2011,7,Cleveland,3.0,Seattle
94,94,2011,7,Tennessee,3.0,Houston
95,95,2011,7,Miami,2.0,Denver
96,96,2011,7,Detroit,3.5,Atlanta
97,97,2011,7,Oakland,4.5,Kansas City
98,98,2011,7,Pittsburgh,3.5,Arizona
99,99,2011,7,Dallas,13.0,LA Rams
100,100,2011,7,Green Bay,9.0,Minnesota
101,101,2011,7,New Orleans,14.0,Indianapolis
102,102,2011,7,Baltimore,8.0,Jacksonville
103,103,2011,8,NY Giants,10.0,Miami
104,104,2011,8,Tennessee,8.5,Indianapolis
105,105,2011,8,Houston,9.5,Jacksonville
106,106,2011,8,Carolina,3.5,Minnesota
107,107,2011,8,New Orleans,13.5,LA Rams
108,108,2011,8,Baltimore,13.0,Arizona
109,109,2011,8,Buffalo,6.0,Washington
110,110,2011,8,Detroit,3.0,Denver
111,111,2011,8,New England,3.0,Pittsburgh
112,112,2011,8,San Francisco,8.5,Cleveland
113,113,2011,8,Cincinnati,3.0,Seattle
114,114,2011,8,Philadelphia,3.5,Dallas
115,115,2011,8,LA Chargers,3.5,Kansas City
116,116,2011,9,Buffalo,2.0,NY Jets
117,117,2011,9,New England,9.0,NY Giants
118,118,2011,9,Atlanta,7.0,Indianapolis
119,119,2011,9,New Orleans,8.0,Tampa Bay
120,120,2011,9,Houston,11.0,Cleveland
121,121,2011,9,Kansas City,4.0,Miami
122,122,2011,9,San Francisco,3.5,Washington
123,123,2011,9,Dallas,11.5,Seattle
124,124,2011,9,Oakland,8.0,Denver
125,125,2011,9,Tennessee,3.0,Cincinnati
126,126,2011,9,Arizona,2.5,LA Rams
127,127,2011,9,Green Bay,5.5,LA Chargers
128,128,2011,9,Pittsburgh,3.0,Baltimore
129,129,2011,9,Philadelphia,7.5,Chicago
130,130,2011,10,San Francisco,3.5,NY Giants
131,131,2011,10,NY Jets,1.5,New England
132,132,2011,10,Pittsburgh,3.0,Cincinnati
133,133,2011,10,Kansas City,3.0,Denver
134,134,2011,10,Jacksonville,3.0,Indianapolis
135,135,2011,10,Dallas,5.5,Buffalo
136,136,2011,10,Houston,3.0,Tampa Bay
137,137,2011,10,Carolina,3.5,Tennessee
138,138,2011,10,Miami,4.0,Washington
139,139,2011,10,Atlanta,0.0,New Orleans
140,140,2011,10,Chicago,3.0,Detroit
141,141,2011,10,Cleveland,2.5,LA Rams
142,142,2011,10,Philadelphia,14.0,Arizona
143,143,2011,10,Baltimore,6.5,Seattle
144,144,2011,10,Green Bay,13.5,Minnesota
145,145,2011,10,LA Chargers,7.0,Oakland
146,146,2011,11,NY Jets,6.0,Denver
147,147,2011,11,NY Giants,4.5,Philadelphia
148,148,2011,11,Atlanta,6.0,Tennessee
149,149,2011,11,Miami,2.5,Buffalo
150,150,2011,11,Baltimore,7.0,Cincinnati
151,151,2011,11,Cleveland,0.0,Jacksonville
152,152,2011,11,Oakland,1.0,Minnesota
153,153,2011,11,Detroit,7.0,Carolina
154,154,2011,11,Green Bay,14.0,Tampa Bay
155,155,2011,11,Dallas,7.5,Washington
156,156,2011,11,San Francisco,9.5,Arizona
157,157,2011,11,LA Rams,1.5,Seattle
158,158,2011,11,Chicago,3.5,LA Chargers
159,159,2011,11,New England,14.5,Kansas City
160,160,2011,12,NY Jets,9.0,Buffalo
161,161,2011,12,LA Rams,0.0,Arizona
162,162,2011,12,Cincinnati,7.5,Cleveland
163,163,2011,12,Houston,3.5,Jacksonville
164,164,2011,12,Carolina,3.0,Indianapolis
165,165,2011,12,Tennessee,3.5,Tampa Bay
166,166,2011,12,Atlanta,9.5,Minnesota
167,167,2011,12,Oakland,4.0,Chicago
168,168,2011,12,Seattle,3.5,Washington
169,169,2011,12,Philadelphia,0.0,New England
170,170,2011,12,LA Chargers,6.0,Denver
171,171,2011,12,Pittsburgh,10.5,Kansas City
172,172,2011,12,New Orleans,7.0,NY Giants
173,173,2011,12,Green Bay,6.0,Detroit
174,174,2011,12,Dallas,7.0,Miami
175,175,2011,12,Baltimore,3.5,San Francisco
176,176,2011,13,Philadelphia,3.0,Seattle
177,177,2011,13,NY Jets,3.0,Washington
178,178,2011,13,Green Bay,7.0,NY Giants
179,179,2011,13,Buffalo,1.5,Tennessee
180,180,2011,13,Chicago,7.0,Kansas City
181,181,2011,13,Miami,3.0,Oakland
182,182,2011,13,Pittsburgh,6.5,Cincinnati
183,183,2011,13,Baltimore,6.5,Cleveland
184,184,2011,13,Atlanta,3.0,Houston
185,185,2011,13,Tampa Bay,3.5,Carolina
186,186,2011,13,New Orleans,9.0,Detroit
187,187,2011,13,Minnesota,1.0,Denver
188,188,2011,13,San Francisco,13.0,LA Rams
189,189,2011,13,Dallas,4.5,Arizona
190,190,2011,13,New England,20.0,Indianapolis
191,191,2011,13,LA Chargers,2.5,Jacksonville
192,192,2011,14,Dallas,3.5,NY Giants
193,193,2011,14,NY Jets,10.5,Kansas City
194,194,2011,14,Baltimore,16.5,Indianapolis
195,195,2011,14,Cincinnati,3.0,Houston
196,196,2011,14,Green Bay,11.0,Oakland
197,197,2011,14,Detroit,8.0,Minnesota
198,198,2011,14,New Orleans,3.5,Tennessee
199,199,2011,14,Miami,3.0,Philadelphia
200,200,2011,14,New England,8.0,Washington
201,201,2011,14,Atlanta,3.0,Carolina
202,202,2011,14,Jacksonville,1.0,Tampa Bay
203,203,2011,14,San Francisco,4.0,Arizona
204,204,2011,14,Denver,3.5,Chicago
205,205,2011,14,LA Chargers,7.0,Buffalo
206,206,2011,14,Seattle,6.5,LA Rams
207,207,2011,14,Pittsburgh,14.0,Cleveland
208,208,2011,15,Dallas,7.0,Tampa Bay
209,209,2011,15,NY Giants,6.5,Washington
210,210,2011,15,Philadelphia,3.0,NY Jets
211,211,2011,15,Green Bay,13.5,Kansas City
212,212,2011,15,New Orleans,6.5,Minnesota
213,213,2011,15,Chicago,3.5,Seattle
214,214,2011,15,Buffalo,1.5,Miami
215,215,2011,15,Houston,6.5,Carolina
216,216,2011,15,Tennessee,6.5,Indianapolis
217,217,2011,15,Cincinnati,6.5,LA Rams
218,218,2011,15,Detroit,1.0,Oakland
219,219,2011,15,New England,6.5,Denver
220,220,2011,15,Arizona,7.0,Cleveland
221,221,2011,15,Baltimore,2.5,LA Chargers
222,222,2011,15,San Francisco,2.5,Pittsburgh
223,223,2011,15,Atlanta,13.5,Jacksonville
224,224,2011,16,NY Jets,3.0,NY Giants
225,225,2011,16,Kansas City,2.0,Oakland
226,226,2011,16,Denver,3.0,Buffalo
227,227,2011,16,Tennessee,7.5,Jacksonville
228,228,2011,16,Cincinnati,4.0,Arizona
229,229,2011,16,New England,9.5,Miami
230,230,2011,16,Baltimore,12.5,Cleveland
231,231,2011,16,Washington,6.5,Minnesota
232,232,2011,16,Carolina,7.5,Tampa Bay
233,233,2011,16,Pittsburgh,16.5,LA Rams
234,234,2011,16,Detroit,2.5,LA Chargers
235,235,2011,16,San Francisco,2.5,Seattle
236,236,2011,16,Dallas,1.5,Philadelphia
237,237,2011,16,Green Bay,13.0,Chicago
238,238,2011,16,New Orleans,6.5,Atlanta
239,239,2011,16,Houston,7.0,Indianapolis
240,240,2011,17,NY Giants,3.0,Dallas
241,241,2011,17,Miami,2.5,NY Jets
242,242,2011,17,Philadelphia,8.5,Washington
243,243,2011,17,Atlanta,12.0,Tampa Bay
244,244,2011,17,San Francisco,10.5,LA Rams
245,245,2011,17,Minnesota,1.0,Chicago
246,246,2011,17,Detroit,3.5,Green Bay
247,247,2011,17,New Orleans,8.0,Carolina
248,248,2011,17,Tennessee,3.0,Houston
249,249,2011,17,Baltimore,2.5,Cincinnati
250,250,2011,17,Pittsburgh,7.5,Cleveland
251,251,2011,17,Jacksonville,3.5,Indianapolis
252,252,2011,17,New England,11.0,Buffalo
253,253,2011,17,Oakland,3.0,LA Chargers
254,254,2011,17,Denver,3.5,Kansas City
255,255,2011,17,Arizona,3.0,Seattle
256,256,2012,1,NY Giants,3.5,Dallas
257,257,2012,1,NY Jets,2.5,Buffalo
258,258,2012,1,Chicago,9.5,Indianapolis
259,259,2012,1,Philadelphia,8.5,Cleveland
260,260,2012,1,New Orleans,7.0,Washington
261,261,2012,1,New England,5.5,Tennessee
262,262,2012,1,Minnesota,4.0,Jacksonville
263,263,2012,1,Houston,12.0,Miami
264,264,2012,1,Detroit,7.5,LA Rams
265,265,2012,1,Atlanta,3.0,Kansas City
266,266,2012,1,Green Bay,5.0,San Francisco
267,267,2012,1,Carolina,2.5,Tampa Bay
268,268,2012,1,Seattle,2.5,Arizona
269,269,2012,1,Denver,1.5,Pittsburgh
270,270,2012,1,Baltimore,6.0,Cincinnati
271,271,2012,1,Oakland,1.0,LA Chargers
272,272,2012,2,Green Bay,6.0,Chicago
273,273,2012,2,NY Giants,7.5,Tampa Bay
274,274,2012,2,Pittsburgh,6.0,NY Jets
275,275,2012,2,New England,13.5,Arizona
276,276,2012,2,Minnesota,1.5,Indianapolis
277,277,2012,2,New Orleans,2.5,Carolina
278,278,2012,2,Buffalo,3.0,Kansas City
279,279,2012,2,Philadelphia,2.5,Baltimore
280,280,2012,2,Oakland,2.5,Miami
281,281,2012,2,Cincinnati,7.0,Cleveland
282,282,2012,2,Houston,7.5,Jacksonville
283,283,2012,2,Dallas,3.0,Seattle
284,284,2012,2,Washington,3.0,LA Rams
285,285,2012,2,LA Chargers,6.0,Tennessee
286,286,2012,2,San Francisco,6.5,Detroit
287,287,2012,2,Atlanta,3.0,Denver
288,288,2012,3,NY Giants,1.0,Carolina
289,289,2012,3,NY Jets,3.0,Miami
290,290,2012,3,Chicago,7.5,LA Rams
291,291,2012,3,Dallas,7.0,Tampa Bay
292,292,2012,3,San Francisco,7.0,Minnesota
293,293,2012,3,Detroit,3.5,Tennessee
294,294,2012,3,Washington,3.5,Cincinnati
295,295,2012,3,New Orleans,9.0,Kansas City
296,296,2012,3,Buffalo,3.0,Cleveland
297,297,2012,3,Indianapolis,3.0,Jacksonville
298,298,2012,3,Philadelphia,4.0,Arizona
299,299,2012,3,LA Chargers,3.0,Atlanta
300,300,2012,3,Houston,2.0,Denver
301,301,2012,3,Pittsburgh,4.0,Oakland
302,302,2012,3,Baltimore,3.0,New England
303,303,2012,3,Green Bay,3.5,Seattle
304,304,2012,4,Baltimore,12.0,Cleveland
305,305,2012,4,San Francisco,4.0,NY Jets
306,306,2012,4,Philadelphia,2.0,NY Giants
307,307,2012,4,New England,4.0,Buffalo
308,308,2012,4,Detroit,4.5,Minnesota
309,309,2012,4,Atlanta,7.0,Carolina
310,310,2012,4,Kansas City,0.0,LA Chargers
311,311,2012,4,Houston,12.0,Tennessee
312,312,2012,4,Seattle,2.5,LA Rams
313,313,2012,4,Arizona,6.5,Miami
314,314,2012,4,Denver,6.5,Oakland
315,315,2012,4,Cincinnati,2.5,Jacksonville
316,316,2012,4,Green Bay,7.5,New Orleans
317,317,2012,4,Tampa Bay,3.0,Washington
318,318,2012,4,Dallas,3.5,Chicago
319,319,2012,5,Arizona,1.0,LA Rams
320,320,2012,5,NY Giants,9.0,Cleveland
321,321,2012,5,Atlanta,3.0,Washington
322,322,2012,5,Pittsburgh,3.5,Philadelphia
323,323,2012,5,Green Bay,7.0,Indianapolis
324,324,2012,5,Minnesota,5.5,Tennessee
325,325,2012,5,Cincinnati,3.5,Miami
326,326,2012,5,Baltimore,6.0,Kansas City
327,327,2012,5,Carolina,3.0,Seattle
328,328,2012,5,Chicago,6.0,Jacksonville
329,329,2012,5,New England,6.5,Denver
330,330,2012,5,San Francisco,9.5,Buffalo
331,331,2012,5,New Orleans,3.5,LA Chargers
332,332,2012,5,Houston,8.0,NY Jets
333,333,2012,6,Pittsburgh,5.5,Tennessee
334,334,2012,6,NY Jets,3.5,Indianapolis
335,335,2012,6,San Francisco,5.0,NY Giants
336,336,2012,6,Cincinnati,1.0,Cleveland
337,337,2012,6,Tampa Bay,3.5,Kansas City
338,338,2012,6,Atlanta,9.0,Oakland
339,339,2012,6,Baltimore,3.5,Dallas
340,340,2012,6,Philadelphia,4.0,Detroit
341,341,2012,6,Miami,3.5,LA Rams
342,342,2012,6,New England,3.5,Seattle
343,343,2012,6,Arizona,4.5,Buffalo
344,344,2012,6,Washington,0.0,Minnesota
345,345,2012,6,Houston,3.5,Green Bay
346,346,2012,6,LA Chargers,1.5,Denver
347,347,2012,7,San Francisco,7.0,Seattle
348,348,2012,7,NY Giants,5.5,Washington
349,349,2012,7,New England,10.5,NY Jets
350,350,2012,7,Buffalo,3.0,Tennessee
351,351,2012,7,Minnesota,6.0,Arizona
352,352,2012,7,Indianapolis,3.0,Cleveland
353,353,2012,7,Houston,6.5,Baltimore
354,354,2012,7,Green Bay,5.5,LA Rams
355,355,2012,7,Dallas,2.0,Carolina
356,356,2012,7,New Orleans,3.0,Tampa Bay
357,357,2012,7,Oakland,4.0,Jacksonville
358,358,2012,7,Pittsburgh,1.5,Cincinnati
359,359,2012,7,Chicago,6.0,Detroit
360,360,2012,8,Minnesota,6.5,Tampa Bay
361,361,2012,8,NY Jets,2.0,Miami
362,362,2012,8,NY Giants,1.0,Dallas
363,363,2012,8,New England,7.0,LA Rams
364,364,2012,8,Tennessee,3.5,Indianapolis
365,365,2012,8,Green Bay,0.0,Jacksonville
366,366,2012,8,LA Chargers,2.5,Cleveland
367,367,2012,8,Philadelphia,2.5,Atlanta
368,368,2012,8,Detroit,2.0,Seattle
369,369,2012,8,Chicago,7.5,Carolina
370,370,2012,8,Pittsburgh,4.5,Washington
371,371,2012,8,Kansas City,1.5,Oakland
372,372,2012,8,Denver,6.0,New Orleans
373,373,2012,8,San Francisco,7.0,Arizona
374,374,2012,9,LA Chargers,8.0,Kansas City
375,375,2012,9,NY Giants,3.5,Pittsburgh
376,376,2012,9,Denver,3.5,Cincinnati
377,377,2012,9,Green Bay,11.0,Arizona
378,378,2012,9,Miami,2.5,Indianapolis
379,379,2012,9,Baltimore,3.5,Cleveland
380,380,2012,9,Houston,10.5,Buffalo
381,381,2012,9,Washington,3.5,Carolina
382,382,2012,9,Detroit,3.5,Jacksonville
383,383,2012,9,Chicago,3.5,Tennessee
384,384,2012,9,Seattle,5.0,Minnesota
385,385,2012,9,Oakland,1.5,Tampa Bay
386,386,2012,9,Atlanta,4.0,Dallas
387,387,2012,9,New Orleans,3.0,Philadelphia
388,388,2012,10,Indianapolis,3.0,Jacksonville
389,389,2012,10,NY Giants,4.0,Cincinnati
390,390,2012,10,Seattle,6.5,NY Jets
391,391,2012,10,New England,11.0,Buffalo
392,392,2012,10,Tampa Bay,3.0,LA Chargers
393,393,2012,10,Denver,4.0,Carolina
394,394,2012,10,Miami,6.0,Tennessee
395,395,2012,10,Baltimore,7.5,Oakland
396,396,2012,10,Atlanta,2.5,New Orleans
397,397,2012,10,Detroit,2.0,Minnesota
398,398,2012,10,Dallas,1.0,Philadelphia
399,399,2012,10,San Francisco,11.0,LA Rams
400,400,2012,10,Chicago,1.0,Houston
401,401,2012,10,Pittsburgh,12.5,Kansas City
402,402,2012,11,Buffalo,1.5,Miami
403,403,2012,11,LA Rams,3.5,NY Jets
404,404,2012,11,Washington,3.5,Philadelphia
405,405,2012,11,Green Bay,3.5,Detroit
406,406,2012,11,Atlanta,10.0,Arizona
407,407,2012,11,Tampa Bay,1.5,Carolina
408,408,2012,11,Dallas,7.5,Cleveland
409,409,2012,11,New England,9.5,Indianapolis
410,410,2012,11,Houston,15.5,Jacksonville
411,411,2012,11,Cincinnati,3.5,Kansas City
412,412,2012,11,New Orleans,5.0,Oakland
413,413,2012,11,Denver,7.5,LA Chargers
414,414,2012,11,Baltimore,3.5,Pittsburgh
415,415,2012,11,San Francisco,0.0,Chicago
416,416,2012,12,New England,7.0,NY Jets
417,417,2012,12,Houston,3.5,Detroit
418,418,2012,12,Dallas,3.5,Washington
419,419,2012,12,NY Giants,2.5,Green Bay
420,420,2012,12,Cincinnati,8.5,Oakland
421,421,2012,12,Cleveland,0.0,Pittsburgh
422,422,2012,12,Indianapolis,3.0,Buffalo
423,423,2012,12,Denver,10.5,Kansas City
424,424,2012,12,Tennessee,3.0,Jacksonville
425,425,2012,12,Chicago,0.0,Minnesota
426,426,2012,12,Atlanta,1.0,Tampa Bay
427,427,2012,12,Seattle,3.0,Miami
428,428,2012,12,Baltimore,1.0,LA Chargers
429,429,2012,12,New Orleans,0.0,San Francisco
430,430,2012,12,Arizona,2.5,LA Rams
431,431,2012,12,Philadelphia,0.0,Carolina
432,432,2012,13,Atlanta,3.5,New Orleans
433,433,2012,13,NY Jets,4.5,Arizona
434,434,2012,13,Chicago,2.5,Seattle
435,435,2012,13,Green Bay,9.0,Minnesota
436,436,2012,13,San Francisco,7.0,LA Rams
437,437,2012,13,Carolina,3.0,Kansas City
438,438,2012,13,Detroit,4.5,Indianapolis
439,439,2012,13,Buffalo,6.0,Jacksonville
440,440,2012,13,New England,7.5,Miami
441,441,2012,13,Houston,6.0,Tennessee
442,442,2012,13,Denver,7.0,Tampa Bay
443,443,2012,13,Baltimore,0.0,Pittsburgh
444,444,2012,13,Oakland,0.0,Cleveland
445,445,2012,13,Cincinnati,1.5,LA Chargers
446,446,2012,13,Dallas,10.0,Philadelphia
447,447,2012,13,NY Giants,2.5,Washington
448,448,2012,14,Denver,10.5,Oakland
449,449,2012,14,NY Jets,2.5,Jacksonville
450,450,2012,14,NY Giants,4.5,New Orleans
451,451,2012,14,Washington,2.5,Baltimore
452,452,2012,14,Cleveland,6.5,Kansas City
453,453,2012,14,Pittsburgh,0.0,LA Chargers
454,454,2012,14,Indianapolis,5.5,Tennessee
455,455,2012,14,Chicago,3.0,Minnesota
456,456,2012,14,Atlanta,3.5,Carolina
457,457,2012,14,Tampa Bay,7.5,Philadelphia
458,458,2012,14,Buffalo,3.0,LA Rams
459,459,2012,14,Cincinnati,3.0,Dallas
460,460,2012,14,San Francisco,10.0,Miami
461,461,2012,14,Seattle,10.5,Arizona
462,462,2012,14,Green Bay,7.0,Detroit
463,463,2012,14,New England,3.5,Houston
464,464,2012,15,Cincinnati,4.0,Philadelphia
465,465,2012,15,Atlanta,1.5,NY Giants
466,466,2012,15,Green Bay,3.0,Chicago
467,467,2012,15,New Orleans,3.5,Tampa Bay
468,468,2012,15,LA Rams,3.0,Minnesota
469,469,2012,15,Cleveland,0.0,Washington
470,470,2012,15,Miami,7.0,Jacksonville
471,471,2012,15,Denver,2.5,Baltimore
472,472,2012,15,Houston,5.5,Indianapolis
473,473,2012,15,LA Chargers,3.0,Carolina
474,474,2012,15,Seattle,5.0,Buffalo
475,475,2012,15,Detroit,6.0,Arizona
476,476,2012,15,Pittsburgh,1.5,Dallas
477,477,2012,15,Oakland,3.0,Kansas City
478,478,2012,15,New England,5.5,San Francisco
479,479,2012,15,Tennessee,1.0,NY Jets
480,480,2012,16,Atlanta,4.0,Detroit
481,481,2012,16,NY Giants,2.0,Baltimore
482,482,2012,16,NY Jets,2.0,LA Chargers
483,483,2012,16,Green Bay,13.0,Tennessee
484,484,2012,16,Carolina,9.0,Oakland
485,485,2012,16,Miami,4.5,Buffalo
486,486,2012,16,Pittsburgh,4.0,Cincinnati
487,487,2012,16,New England,14.5,Jacksonville
488,488,2012,16,Indianapolis,6.5,Kansas City
489,489,2012,16,Dallas,3.0,New Orleans
490,490,2012,16,Washington,5.5,Philadelphia
491,491,2012,16,Tampa Bay,3.0,LA Rams
492,492,2012,16,Houston,7.5,Minnesota
493,493,2012,16,Denver,13.0,Cleveland
494,494,2012,16,Chicago,5.5,Arizona
495,495,2012,16,Seattle,0.0,San Francisco
496,496,2012,17,Buffalo,3.5,NY Jets
497,497,2012,17,NY Giants,7.5,Philadelphia
498,498,2012,17,New England,10.0,Miami
499,499,2012,17,Cincinnati,2.5,Baltimore
500,500,2012,17,Pittsburgh,4.5,Cleveland
501,501,2012,17,Houston,7.0,Indianapolis
502,502,2012,17,Tennessee,4.0,Jacksonville
503,503,2012,17,Washington,3.0,Dallas
504,504,2012,17,Chicago,3.0,Detroit
505,505,2012,17,Green Bay,3.5,Minnesota
506,506,2012,17,Atlanta,8.5,Tampa Bay
507,507,2012,17,New Orleans,5.0,Carolina
508,508,2012,17,Denver,16.0,Kansas City
509,509,2012,17,LA Chargers,7.5,Oakland
510,510,2012,17,San Francisco,16.5,Arizona
511,511,2012,17,Seattle,16.5,LA Rams
512,512,2013,1,Denver,7.5,Baltimore
513,513,2013,1,New England,9.0,Buffalo
514,514,2013,1,Pittsburgh,7.0,Tennessee
515,515,2013,1,New Orleans,3.0,Atlanta
516,516,2013,1,Tampa Bay,3.5,NY Jets
517,517,2013,1,Kansas City,4.0,Jacksonville
518,518,2013,1,Chicago,3.0,Cincinnati
519,519,2013,1,Cleveland,1.0,Miami
520,520,2013,1,Seattle,3.5,Carolina
521,521,2013,1,Detroit,5.0,Minnesota
522,522,2013,1,Indianapolis,9.5,Oakland
523,523,2013,1,LA Rams,4.5,Arizona
524,524,2013,1,San Francisco,4.5,Green Bay
525,525,2013,1,Dallas,3.5,NY Giants
526,526,2013,1,Washington,3.5,Philadelphia
527,527,2013,1,Houston,4.0,LA Chargers
528,528,2013,2,New England,12.0,NY Jets
529,529,2013,2,Denver,4.5,NY Giants
530,530,2013,2,Philadelphia,7.5,LA Chargers
531,531,2013,2,Baltimore,6.5,Cleveland
532,532,2013,2,Houston,9.0,Tennessee
533,533,2013,2,Indianapolis,2.5,Miami
534,534,2013,2,Carolina,3.0,Buffalo
535,535,2013,2,Atlanta,7.0,LA Rams
536,536,2013,2,Green Bay,7.5,Washington
537,537,2013,2,Kansas City,3.0,Dallas
538,538,2013,2,Chicago,6.0,Minnesota
539,539,2013,2,New Orleans,3.5,Tampa Bay
540,540,2013,2,Detroit,1.0,Arizona
541,541,2013,2,Oakland,5.5,Jacksonville
542,542,2013,2,Seattle,3.0,San Francisco
543,543,2013,2,Cincinnati,7.0,Pittsburgh
544,544,2013,3,Philadelphia,3.0,Kansas City
545,545,2013,3,Carolina,1.0,NY Giants
546,546,2013,3,NY Jets,2.0,Buffalo
547,547,2013,3,Tennessee,3.0,LA Chargers
548,548,2013,3,Minnesota,5.5,Cleveland
549,549,2013,3,New England,7.5,Tampa Bay
550,550,2013,3,Houston,2.5,Baltimore
551,551,2013,3,Dallas,4.0,LA Rams
552,552,2013,3,New Orleans,7.5,Arizona
553,553,2013,3,Washington,2.0,Detroit
554,554,2013,3,Green Bay,2.5,Cincinnati
555,555,2013,3,Miami,2.0,Atlanta
556,556,2013,3,San Francisco,10.5,Indianapolis
557,557,2013,3,Seattle,19.5,Jacksonville
558,558,2013,3,Chicago,2.5,Pittsburgh
559,559,2013,3,Denver,15.0,Oakland
560,560,2013,4,San Francisco,3.0,LA Rams
561,561,2013,4,Kansas City,4.5,NY Giants
562,562,2013,4,Tennessee,3.5,NY Jets
563,563,2013,4,Pittsburgh,1.5,Minnesota
564,564,2013,4,Baltimore,3.5,Buffalo
565,565,2013,4,Cincinnati,4.5,Cleveland
566,566,2013,4,Indianapolis,8.0,Jacksonville
567,567,2013,4,Seattle,3.0,Houston
568,568,2013,4,Tampa Bay,2.5,Arizona
569,569,2013,4,Detroit,3.0,Chicago
570,570,2013,4,Dallas,2.0,LA Chargers
571,571,2013,4,Washington,3.0,Oakland
572,572,2013,4,Denver,10.5,Philadelphia
573,573,2013,4,Atlanta,2.0,New England
574,574,2013,4,New Orleans,6.5,Miami
575,575,2013,5,Cleveland,4.0,Buffalo
576,576,2013,5,NY Giants,2.0,Philadelphia
577,577,2013,5,Kansas City,3.0,Tennessee
578,578,2013,5,Miami,3.0,Baltimore
579,579,2013,5,LA Rams,11.5,Jacksonville
580,580,2013,5,Cincinnati,1.5,New England
581,581,2013,5,Seattle,2.5,Indianapolis
582,582,2013,5,Green Bay,7.0,Detroit
583,583,2013,5,Chicago,0.0,New Orleans
584,584,2013,5,Carolina,2.0,Arizona
585,585,2013,5,LA Chargers,4.5,Oakland
586,586,2013,5,Denver,7.0,Dallas
587,587,2013,5,San Francisco,7.0,Houston
588,588,2013,5,Atlanta,9.5,NY Jets
589,589,2013,6,Chicago,7.5,NY Giants
590,590,2013,6,NY Jets,2.0,Pittsburgh
591,591,2013,6,Kansas City,9.0,Oakland
592,592,2013,6,Philadelphia,1.0,Tampa Bay
593,593,2013,6,Green Bay,2.0,Baltimore
594,594,2013,6,Detroit,2.5,Cleveland
595,595,2013,6,Minnesota,2.5,Carolina
596,596,2013,6,Houston,7.5,LA Rams
597,597,2013,6,Cincinnati,7.5,Buffalo
598,598,2013,6,Seattle,13.5,Tennessee
599,599,2013,6,Denver,27.0,Jacksonville
600,600,2013,6,San Francisco,11.0,Arizona
601,601,2013,6,New England,2.5,New Orleans
602,602,2013,6,Dallas,5.5,Washington
603,603,2013,6,Indianapolis,1.5,LA Chargers
604,604,2013,7,Seattle,6.5,Arizona
605,605,2013,7,New England,4.0,NY Jets
606,606,2013,7,LA Chargers,7.5,Jacksonville
607,607,2013,7,Kansas City,6.5,Houston
608,608,2013,7,Detroit,2.5,Cincinnati
609,609,2013,7,Miami,8.5,Buffalo
610,610,2013,7,Washington,1.0,Chicago
611,611,2013,7,Philadelphia,2.5,Dallas
612,612,2013,7,Carolina,6.0,LA Rams
613,613,2013,7,Atlanta,7.0,Tampa Bay
614,614,2013,7,San Francisco,4.0,Tennessee
615,615,2013,7,Green Bay,10.0,Cleveland
616,616,2013,7,Pittsburgh,1.5,Baltimore
617,617,2013,7,Denver,6.5,Indianapolis
618,618,2013,7,NY Giants,3.5,Minnesota
619,619,2013,8,Carolina,6.0,Tampa Bay
620,620,2013,8,Philadelphia,6.0,NY Giants
621,621,2013,8,Cincinnati,6.5,NY Jets
622,622,2013,8,San Francisco,16.5,Jacksonville
623,623,2013,8,Detroit,3.0,Dallas
624,624,2013,8,Kansas City,7.0,Cleveland
625,625,2013,8,New Orleans,12.5,Buffalo
626,626,2013,8,New England,7.0,Miami
627,627,2013,8,Pittsburgh,3.0,Oakland
628,628,2013,8,Denver,13.0,Washington
629,629,2013,8,Arizona,2.5,Atlanta
630,630,2013,8,Green Bay,10.0,Minnesota
631,631,2013,8,Seattle,11.0,LA Rams
632,632,2013,9,Cincinnati,2.5,Miami
633,633,2013,9,New Orleans,6.0,NY Jets
634,634,2013,9,Carolina,7.5,Atlanta
635,635,2013,9,Dallas,10.5,Minnesota
636,636,2013,9,Tennessee,3.0,LA Rams
637,637,2013,9,Kansas City,3.0,Buffalo
638,638,2013,9,LA Chargers,1.0,Washington
639,639,2013,9,Oakland,2.5,Philadelphia
640,640,2013,9,Seattle,16.5,Tampa Bay
641,641,2013,9,Baltimore,2.5,Cleveland
642,642,2013,9,New England,7.0,Pittsburgh
643,643,2013,9,Indianapolis,2.5,Houston
644,644,2013,9,Green Bay,11.0,Chicago
645,645,2013,10,Washington,2.5,Minnesota
646,646,2013,10,NY Giants,7.5,Oakland
647,647,2013,10,Tennessee,11.5,Jacksonville
648,648,2013,10,Green Bay,1.0,Philadelphia
649,649,2013,10,Pittsburgh,3.0,Buffalo
650,650,2013,10,Indianapolis,9.5,LA Rams
651,651,2013,10,Seattle,6.5,Atlanta
652,652,2013,10,Cincinnati,1.5,Baltimore
653,653,2013,10,Detroit,2.5,Chicago
654,654,2013,10,San Francisco,6.0,Carolina
655,655,2013,10,Arizona,2.5,Houston
656,656,2013,10,Denver,7.0,LA Chargers
657,657,2013,10,New Orleans,7.0,Dallas
658,658,2013,10,Miami,2.5,Tampa Bay
659,659,2013,11,Indianapolis,3.0,Tennessee
660,660,2013,11,Buffalo,1.0,NY Jets
661,661,2013,11,NY Giants,5.5,Green Bay
662,662,2013,11,Atlanta,1.5,Tampa Bay
663,663,2013,11,Detroit,2.0,Pittsburgh
664,664,2013,11,Philadelphia,3.5,Washington
665,665,2013,11,LA Chargers,1.5,Miami
666,666,2013,11,Chicago,3.0,Baltimore
667,667,2013,11,Cincinnati,5.5,Cleveland
668,668,2013,11,Houston,7.0,Oakland
669,669,2013,11,Arizona,7.0,Jacksonville
670,670,2013,11,Denver,8.5,Kansas City
671,671,2013,11,Seattle,12.5,Minnesota
672,672,2013,11,New Orleans,3.0,San Francisco
673,673,2013,11,Carolina,2.5,New England
674,674,2013,12,New Orleans,9.5,Atlanta
675,675,2013,12,Detroit,9.0,Tampa Bay
676,676,2013,12,Houston,10.0,Jacksonville
677,677,2013,12,Green Bay,5.0,Minnesota
678,678,2013,12,Kansas City,5.0,LA Chargers
679,679,2013,12,Carolina,4.0,Miami
680,680,2013,12,Cleveland,1.5,Pittsburgh
681,681,2013,12,LA Rams,1.0,Chicago
682,682,2013,12,Baltimore,3.5,NY Jets
683,683,2013,12,Oakland,1.0,Tennessee
684,684,2013,12,Arizona,2.0,Indianapolis
685,685,2013,12,NY Giants,2.5,Dallas
686,686,2013,12,Denver,2.5,New England
687,687,2013,12,San Francisco,5.0,Washington
688,688,2013,13,Detroit,6.0,Green Bay
689,689,2013,13,Dallas,9.5,Oakland
690,690,2013,13,Baltimore,2.5,Pittsburgh
691,691,2013,13,Indianapolis,4.5,Tennessee
692,692,2013,13,Denver,4.5,Kansas City
693,693,2013,13,Cleveland,7.0,Jacksonville
694,694,2013,13,Carolina,8.5,Tampa Bay
695,695,2013,13,Minnesota,1.0,Chicago
696,696,2013,13,Philadelphia,3.0,Arizona
697,697,2013,13,NY Jets,2.0,Miami
698,698,2013,13,Buffalo,3.0,Atlanta
699,699,2013,13,San Francisco,8.5,LA Rams
700,700,2013,13,New England,7.5,Houston
701,701,2013,13,LA Chargers,1.0,Cincinnati
702,702,2013,13,NY Giants,1.5,Washington
703,703,2013,13,Seattle,5.0,New Orleans
704,704,2013,14,Houston,3.0,Jacksonville
705,705,2013,14,Kansas City,3.0,Washington
706,706,2013,14,Baltimore,7.0,Minnesota
707,707,2013,14,New England,0.0,Cleveland
708,708,2013,14,NY Jets,2.5,Oakland
709,709,2013,14,Cincinnati,5.5,Indianapolis
710,710,2013,14,New Orleans,3.5,Carolina
711,711,2013,14,Philadelphia,2.5,Detroit
712,712,2013,14,Pittsburgh,3.0,Miami
713,713,2013,14,Tampa Bay,2.5,Buffalo
714,714,2013,14,Denver,12.0,Tennessee
715,715,2013,14,Arizona,6.5,LA Rams
716,716,2013,14,LA Chargers,3.0,NY Giants
717,717,2013,14,San Francisco,2.5,Seattle
718,718,2013,14,Green Bay,0.0,Atlanta
719,719,2013,14,Chicago,1.0,Dallas
720,720,2013,15,Denver,10.5,LA Chargers
721,721,2013,15,Atlanta,6.5,Washington
722,722,2013,15,San Francisco,5.5,Tampa Bay
723,723,2013,15,Arizona,2.5,Tennessee
724,724,2013,15,New Orleans,6.0,LA Rams
725,725,2013,15,Seattle,7.0,NY Giants
726,726,2013,15,Cleveland,1.0,Chicago
727,727,2013,15,Indianapolis,5.5,Houston
728,728,2013,15,Buffalo,2.0,Jacksonville
729,729,2013,15,New England,2.5,Miami
730,730,2013,15,Philadelphia,4.5,Minnesota
731,731,2013,15,Carolina,11.0,NY Jets
732,732,2013,15,Kansas City,4.5,Oakland
733,733,2013,15,Dallas,0.0,Green Bay
734,734,2013,15,Cincinnati,3.0,Pittsburgh
735,735,2013,15,Detroit,6.0,Baltimore
736,736,2013,16,Miami,2.5,Buffalo
737,737,2013,16,Carolina,3.0,New Orleans
738,738,2013,16,Dallas,2.5,Washington
739,739,2013,16,LA Rams,5.5,Tampa Bay
740,740,2013,16,Philadelphia,3.0,Chicago
741,741,2013,16,NY Jets,2.5,Cleveland
742,742,2013,16,Kansas City,6.5,Indianapolis
743,743,2013,16,Cincinnati,7.0,Minnesota
744,744,2013,16,Denver,10.5,Houston
745,745,2013,16,Tennessee,5.5,Jacksonville
746,746,2013,16,Seattle,10.5,Arizona
747,747,2013,16,Detroit,9.5,NY Giants
748,748,2013,16,LA Chargers,10.0,Oakland
749,749,2013,16,Green Bay,0.0,Pittsburgh
750,750,2013,16,Baltimore,2.5,New England
751,751,2013,16,San Francisco,12.5,Atlanta
752,752,2013,17,Carolina,6.5,Atlanta
753,753,2013,17,Green Bay,3.0,Chicago
754,754,2013,17,Tennessee,7.0,Houston
755,755,2013,17,Pittsburgh,7.0,Cleveland
756,756,2013,17,NY Giants,3.5,Washington
757,757,2013,17,Cincinnati,6.0,Baltimore
758,758,2013,17,Indianapolis,11.5,Jacksonville
759,759,2013,17,Philadelphia,6.5,Dallas
760,760,2013,17,Miami,6.0,NY Jets
761,761,2013,17,Minnesota,3.0,Detroit
762,762,2013,17,New England,9.5,Buffalo
763,763,2013,17,New Orleans,12.5,Tampa Bay
764,764,2013,17,Denver,12.5,Oakland
765,765,2013,17,Arizona,0.0,San Francisco
766,766,2013,17,LA Chargers,9.5,Kansas City
767,767,2013,17,Seattle,10.5,LA Rams
768,768,2014,1,Seattle,6.0,Green Bay
769,769,2014,1,New Orleans,3.0,Atlanta
770,770,2014,1,LA Rams,4.0,Minnesota
771,771,2014,1,Pittsburgh,6.5,Cleveland
772,772,2014,1,Philadelphia,10.5,Jacksonville
773,773,2014,1,NY Jets,5.5,Oakland
774,774,2014,1,Baltimore,2.0,Cincinnati
775,775,2014,1,Chicago,7.0,Buffalo
776,776,2014,1,Houston,3.0,Washington
777,777,2014,1,Kansas City,4.0,Tennessee
778,778,2014,1,New England,4.5,Miami
779,779,2014,1,Tampa Bay,2.0,Carolina
780,780,2014,1,San Francisco,5.0,Dallas
781,781,2014,1,Denver,7.5,Indianapolis
782,782,2014,1,Detroit,5.5,NY Giants
783,783,2014,1,Arizona,3.0,LA Chargers
784,784,2014,2,Baltimore,2.5,Pittsburgh
785,785,2014,2,Carolina,2.5,Detroit
786,786,2014,2,Miami,1.0,Buffalo
787,787,2014,2,Washington,6.0,Jacksonville
788,788,2014,2,Tennessee,3.5,Dallas
789,789,2014,2,Arizona,2.0,NY Giants
790,790,2014,2,New England,3.0,Minnesota
791,791,2014,2,New Orleans,6.5,Cleveland
792,792,2014,2,Cincinnati,5.0,Atlanta
793,793,2014,2,Tampa Bay,5.5,LA Rams
794,794,2014,2,Seattle,6.0,LA Chargers
795,795,2014,2,Houston,3.0,Oakland
796,796,2014,2,Green Bay,8.5,NY Jets
797,797,2014,2,Denver,13.0,Kansas City
798,798,2014,2,San Francisco,7.0,Chicago
799,799,2014,2,Indianapolis,3.0,Philadelphia
800,800,2014,3,Atlanta,6.5,Tampa Bay
801,801,2014,3,Buffalo,2.0,LA Chargers
802,802,2014,3,Dallas,1.0,LA Rams
803,803,2014,3,Philadelphia,6.5,Washington
804,804,2014,3,Houston,2.5,NY Giants
805,805,2014,3,New Orleans,10.5,Minnesota
806,806,2014,3,Cincinnati,7.0,Tennessee
807,807,2014,3,Baltimore,1.5,Cleveland
808,808,2014,3,Detroit,2.0,Green Bay
809,809,2014,3,Indianapolis,7.0,Jacksonville
810,810,2014,3,New England,14.0,Oakland
811,811,2014,3,San Francisco,3.0,Arizona
812,812,2014,3,Seattle,5.0,Denver
813,813,2014,3,Miami,4.5,Kansas City
814,814,2014,3,Carolina,3.5,Pittsburgh
815,815,2014,3,NY Jets,2.5,Chicago
816,816,2014,4,Washington,4.0,NY Giants
817,817,2014,4,Miami,4.0,Oakland
818,818,2014,4,Green Bay,1.5,Chicago
819,819,2014,4,Houston,3.0,Buffalo
820,820,2014,4,Indianapolis,7.5,Tennessee
821,821,2014,4,Baltimore,3.5,Carolina
822,822,2014,4,Detroit,1.5,NY Jets
823,823,2014,4,Pittsburgh,7.5,Tampa Bay
824,824,2014,4,LA Chargers,13.0,Jacksonville
825,825,2014,4,San Francisco,5.5,Philadelphia
826,826,2014,4,Atlanta,3.0,Minnesota
827,827,2014,4,New Orleans,3.0,Dallas
828,828,2014,4,New England,3.5,Kansas City
829,829,2014,5,Green Bay,9.0,Minnesota
830,830,2014,5,Carolina,2.5,Chicago
831,831,2014,5,Tennessee,1.0,Cleveland
832,832,2014,5,Philadelphia,7.0,LA Rams
833,833,2014,5,NY Giants,4.0,Atlanta
834,834,2014,5,New Orleans,10.0,Tampa Bay
835,835,2014,5,Dallas,5.5,Houston
836,836,2014,5,Detroit,7.0,Buffalo
837,837,2014,5,Indianapolis,3.5,Baltimore
838,838,2014,5,Pittsburgh,6.0,Jacksonville
839,839,2014,5,Denver,7.0,Arizona
840,840,2014,5,San Francisco,6.0,Kansas City
841,841,2014,5,LA Chargers,6.5,NY Jets
842,842,2014,5,Cincinnati,1.0,New England
843,843,2014,5,Seattle,7.0,Washington
844,844,2014,6,Indianapolis,3.0,Houston
845,845,2014,6,Denver,8.5,NY Jets
846,846,2014,6,Cleveland,2.0,Pittsburgh
847,847,2014,6,Tennessee,6.0,Jacksonville
848,848,2014,6,Atlanta,3.0,Chicago
849,849,2014,6,Green Bay,3.5,Miami
850,850,2014,6,Detroit,1.5,Minnesota
851,851,2014,6,Cincinnati,7.0,Carolina
852,852,2014,6,New England,3.0,Buffalo
853,853,2014,6,Baltimore,3.0,Tampa Bay
854,854,2014,6,LA Chargers,7.0,Oakland
855,855,2014,6,Seattle,8.0,Dallas
856,856,2014,6,Arizona,3.5,Washington
857,857,2014,6,Philadelphia,2.5,NY Giants
858,858,2014,6,San Francisco,3.5,LA Rams
859,859,2014,7,New England,9.5,NY Jets
860,860,2014,7,Indianapolis,3.0,Cincinnati
861,861,2014,7,Washington,5.5,Tennessee
862,862,2014,7,Chicago,3.5,Miami
863,863,2014,7,Cleveland,5.5,Jacksonville
864,864,2014,7,Seattle,6.5,LA Rams
865,865,2014,7,Green Bay,7.0,Carolina
866,866,2014,7,Baltimore,7.0,Atlanta
867,867,2014,7,Buffalo,5.5,Minnesota
868,868,2014,7,Detroit,3.0,New Orleans
869,869,2014,7,LA Chargers,4.0,Kansas City
870,870,2014,7,Dallas,6.5,NY Giants
871,871,2014,7,Arizona,3.5,Oakland
872,872,2014,7,Denver,6.5,San Francisco
873,873,2014,7,Pittsburgh,3.5,Houston
874,874,2014,8,Denver,7.5,LA Chargers
875,875,2014,8,Detroit,4.0,Atlanta
876,876,2014,8,Tampa Bay,3.0,Minnesota
877,877,2014,8,New England,6.0,Chicago
878,878,2014,8,Kansas City,7.0,LA Rams
879,879,2014,8,Seattle,5.0,Carolina
880,880,2014,8,NY Jets,3.0,Buffalo
881,881,2014,8,Miami,6.0,Jacksonville
882,882,2014,8,Houston,1.5,Tennessee
883,883,2014,8,Cincinnati,1.0,Baltimore
884,884,2014,8,Arizona,2.5,Philadelphia
885,885,2014,8,Indianapolis,3.0,Pittsburgh
886,886,2014,8,Cleveland,7.0,Oakland
887,887,2014,8,New Orleans,1.5,Green Bay
888,888,2014,8,Dallas,9.5,Washington
889,889,2014,9,New Orleans,2.5,Carolina
890,890,2014,9,Miami,1.5,LA Chargers
891,891,2014,9,Cleveland,11.0,Jacksonville
892,892,2014,9,Cincinnati,6.5,Tampa Bay
893,893,2014,9,Minnesota,2.5,Washington
894,894,2014,9,Philadelphia,2.0,Houston
895,895,2014,9,Kansas City,9.5,NY Jets
896,896,2014,9,Dallas,4.0,Arizona
897,897,2014,9,San Francisco,10.0,LA Rams
898,898,2014,9,Denver,3.0,New England
899,899,2014,9,Seattle,15.0,Oakland
900,900,2014,9,Pittsburgh,0.0,Baltimore
901,901,2014,9,Indianapolis,3.5,NY Giants
902,902,2014,10,Cincinnati,6.0,Cleveland
903,903,2014,10,Jacksonville,0.0,Dallas
904,904,2014,10,Detroit,3.0,Miami
905,905,2014,10,Kansas City,2.0,Buffalo
906,906,2014,10,New Orleans,4.5,San Francisco
907,907,2014,10,Baltimore,9.5,Tennessee
908,908,2014,10,Pittsburgh,5.0,NY Jets
909,909,2014,10,Atlanta,1.0,Tampa Bay
910,910,2014,10,Denver,11.5,Oakland
911,911,2014,10,Arizona,7.0,LA Rams
912,912,2014,10,Seattle,9.0,NY Giants
913,913,2014,10,Green Bay,7.0,Chicago
914,914,2014,10,Philadelphia,6.0,Carolina
915,915,2014,11,Miami,5.5,Buffalo
916,916,2014,11,Cleveland,3.0,Houston
917,917,2014,11,Chicago,3.0,Minnesota
918,918,2014,11,Green Bay,5.5,Philadelphia
919,919,2014,11,Kansas City,1.5,Seattle
920,920,2014,11,Carolina,1.5,Atlanta
921,921,2014,11,New Orleans,7.0,Cincinnati
922,922,2014,11,Washington,7.5,Tampa Bay
923,923,2014,11,Denver,9.5,LA Rams
924,924,2014,11,San Francisco,4.0,NY Giants
925,925,2014,11,LA Chargers,10.0,Oakland
926,926,2014,11,Arizona,1.5,Detroit
927,927,2014,11,Indianapolis,3.0,New England
928,928,2014,11,Pittsburgh,6.0,Tennessee
929,929,2014,12,Kansas City,7.5,Oakland
930,930,2014,12,Atlanta,3.0,Cleveland
931,931,2014,12,Philadelphia,11.0,Tennessee
932,932,2014,12,New England,7.0,Detroit
933,933,2014,12,Green Bay,9.5,Minnesota
934,934,2014,12,Indianapolis,14.0,Jacksonville
935,935,2014,12,Houston,2.0,Cincinnati
936,936,2014,12,Buffalo,4.5,NY Jets
937,937,2014,12,Chicago,5.5,Tampa Bay
938,938,2014,12,Seattle,6.5,Arizona
939,939,2014,12,LA Chargers,4.5,LA Rams
940,940,2014,12,Denver,7.0,Miami
941,941,2014,12,San Francisco,9.0,Washington
942,942,2014,12,Dallas,3.5,NY Giants
943,943,2014,12,New Orleans,3.5,Baltimore
944,944,2014,13,Detroit,7.0,Chicago
945,945,2014,13,Dallas,3.0,Philadelphia
946,946,2014,13,San Francisco,1.0,Seattle
947,947,2014,13,Indianapolis,9.5,Washington
948,948,2014,13,Houston,6.5,Tennessee
949,949,2014,13,Buffalo,2.5,Cleveland
950,950,2014,13,Baltimore,5.5,LA Chargers
951,951,2014,13,NY Giants,2.5,Jacksonville
952,952,2014,13,Cincinnati,3.5,Tampa Bay
953,953,2014,13,LA Rams,7.0,Oakland
954,954,2014,13,Pittsburgh,4.0,New Orleans
955,955,2014,13,Minnesota,2.5,Carolina
956,956,2014,13,Arizona,2.5,Atlanta
957,957,2014,13,Green Bay,3.0,New England
958,958,2014,13,Denver,1.5,Kansas City
959,959,2014,13,Miami,6.5,NY Jets
960,960,2014,14,Dallas,3.5,Chicago
961,961,2014,14,Miami,3.0,Baltimore
962,962,2014,14,Cincinnati,3.0,Pittsburgh
963,963,2014,14,Indianapolis,3.5,Cleveland
964,964,2014,14,Houston,5.0,Jacksonville
965,965,2014,14,Tennessee,0.0,NY Giants
966,966,2014,14,New Orleans,10.0,Carolina
967,967,2014,14,Detroit,9.5,Tampa Bay
968,968,2014,14,LA Rams,2.5,Washington
969,969,2014,14,Minnesota,6.0,NY Jets
970,970,2014,14,Denver,10.0,Buffalo
971,971,2014,14,Arizona,1.0,Kansas City
972,972,2014,14,San Francisco,8.0,Oakland
973,973,2014,14,Philadelphia,1.0,Seattle
974,974,2014,14,New England,3.5,LA Chargers
975,975,2014,14,Green Bay,12.5,Atlanta
976,976,2014,15,LA Rams,4.5,Arizona
977,977,2014,15,Kansas City,10.0,Oakland
978,978,2014,15,Baltimore,13.5,Jacksonville
979,979,2014,15,Pittsburgh,2.5,Atlanta
980,980,2014,15,Indianapolis,6.5,Houston
981,981,2014,15,Cincinnati,0.0,Cleveland
982,982,2014,15,New England,7.5,Miami
983,983,2014,15,Carolina,3.5,Tampa Bay
984,984,2014,15,NY Giants,6.5,Washington
985,985,2014,15,Green Bay,5.0,Buffalo
986,986,2014,15,Detroit,7.5,Minnesota
987,987,2014,15,NY Jets,2.0,Tennessee
988,988,2014,15,Denver,4.0,LA Chargers
989,989,2014,15,Seattle,10.0,San Francisco
990,990,2014,15,Philadelphia,3.5,Dallas
991,991,2014,15,New Orleans,3.0,Chicago
992,992,2014,16,Jacksonville,3.0,Tennessee
993,993,2014,16,San Francisco,1.0,LA Chargers
994,994,2014,16,Philadelphia,7.5,Washington
995,995,2014,16,Miami,6.5,Minnesota
996,996,2014,16,Green Bay,10.5,Tampa Bay
997,997,2014,16,Detroit,7.0,Chicago
998,998,2014,16,New Orleans,6.0,Atlanta
999,999,2014,16,New England,10.0,NY Jets
1000,1000,2014,16,Pittsburgh,3.0,Kansas City
1001,1001,2014,16,Carolina,0.0,Cleveland
1002,1002,2014,16,Baltimore,5.5,Houston
1003,1003,2014,16,LA Rams,5.0,NY Giants
1004,1004,2014,16,Buffalo,5.5,Oakland
1005,1005,2014,16,Dallas,3.0,Indianapolis
1006,1006,2014,16,Seattle,8.0,Arizona
1007,1007,2014,16,Denver,3.0,Cincinnati
1008,1008,2014,17,Green Bay,7.5,Detroit
1009,1009,2014,17,Houston,9.5,Jacksonville
1010,1010,2014,17,Pittsburgh,3.5,Cincinnati
1011,1011,2014,17,Indianapolis,7.0,Tennessee
1012,1012,2014,17,Baltimore,10.0,Cleveland
1013,1013,2014,17,New England,4.5,Buffalo
1014,1014,2014,17,Miami,5.5,NY Jets
1015,1015,2014,17,Atlanta,4.0,Carolina
1016,1016,2014,17,Minnesota,6.5,Chicago
1017,1017,2014,17,Kansas City,2.5,LA Chargers
1018,1018,2014,17,NY Giants,3.0,Philadelphia
1019,1019,2014,17,Dallas,6.0,Washington
1020,1020,2014,17,New Orleans,4.0,Tampa Bay
1021,1021,2014,17,Seattle,12.5,LA Rams
1022,1022,2014,17,San Francisco,6.0,Arizona
1023,1023,2014,17,Denver,14.0,Oakland
1024,1024,2015,1,New England,7.0,Pittsburgh
1025,1025,2015,1,Green Bay,6.5,Chicago
1026,1026,2015,1,Houston,1.0,Kansas City
1027,1027,2015,1,NY Jets,3.5,Cleveland
1028,1028,2015,1,Indianapolis,2.5,Buffalo
1029,1029,2015,1,Miami,3.5,Washington
1030,1030,2015,1,Carolina,3.0,Jacksonville
1031,1031,2015,1,Seattle,4.0,LA Rams
1032,1032,2015,1,Arizona,2.5,New Orleans
1033,1033,2015,1,LA Chargers,3.0,Detroit
1034,1034,2015,1,Tampa Bay,3.0,Tennessee
1035,1035,2015,1,Cincinnati,3.5,Oakland
1036,1036,2015,1,Denver,4.5,Baltimore
1037,1037,2015,1,Dallas,6.0,NY Giants
1038,1038,2015,1,Philadelphia,3.0,Atlanta
1039,1039,2015,1,Minnesota,2.5,San Francisco
1040,1040,2015,2,Kansas City,3.0,Denver
1041,1041,2015,2,Carolina,3.0,Houston
1042,1042,2015,2,New Orleans,10.0,Tampa Bay
1043,1043,2015,2,Pittsburgh,6.0,San Francisco
1044,1044,2015,2,Minnesota,3.0,Detroit
1045,1045,2015,2,New England,1.0,Buffalo
1046,1046,2015,2,Arizona,2.0,Chicago
1047,1047,2015,2,Tennessee,1.0,Cleveland
1048,1048,2015,2,Cincinnati,3.0,LA Chargers
1049,1049,2015,2,LA Rams,3.5,Washington
1050,1050,2015,2,NY Giants,2.5,Atlanta
1051,1051,2015,2,Baltimore,6.0,Oakland
1052,1052,2015,2,Miami,6.0,Jacksonville
1053,1053,2015,2,Philadelphia,5.0,Dallas
1054,1054,2015,2,Green Bay,3.5,Seattle
1055,1055,2015,2,Indianapolis,7.0,NY Jets
1056,1056,2015,3,NY Giants,3.5,Washington
1057,1057,2015,3,Pittsburgh,1.5,LA Rams
1058,1058,2015,3,Minnesota,2.5,LA Chargers
1059,1059,2015,3,Houston,6.5,Tampa Bay
1060,1060,2015,3,NY Jets,2.5,Philadelphia
1061,1061,2015,3,Carolina,3.0,New Orleans
1062,1062,2015,3,New England,13.5,Jacksonville
1063,1063,2015,3,Baltimore,2.5,Cincinnati
1064,1064,2015,3,Cleveland,3.5,Oakland
1065,1065,2015,3,Indianapolis,3.5,Tennessee
1066,1066,2015,3,Atlanta,2.0,Dallas
1067,1067,2015,3,Arizona,6.5,San Francisco
1068,1068,2015,3,Seattle,14.5,Chicago
1069,1069,2015,3,Miami,3.0,Buffalo
1070,1070,2015,3,Denver,3.5,Detroit
1071,1071,2015,3,Green Bay,7.0,Kansas City
1072,1072,2015,4,Baltimore,2.5,Pittsburgh
1073,1073,2015,4,NY Jets,1.5,Miami
1074,1074,2015,4,Indianapolis,9.0,Jacksonville
1075,1075,2015,4,Atlanta,6.5,Houston
1076,1076,2015,4,Carolina,3.0,Tampa Bay
1077,1077,2015,4,Buffalo,5.5,NY Giants
1078,1078,2015,4,Oakland,3.0,Chicago
1079,1079,2015,4,Philadelphia,3.0,Washington
1080,1080,2015,4,Cincinnati,4.0,Kansas City
1081,1081,2015,4,LA Chargers,8.0,Cleveland
1082,1082,2015,4,Green Bay,8.0,San Francisco
1083,1083,2015,4,Denver,6.5,Minnesota
1084,1084,2015,4,Arizona,6.5,LA Rams
1085,1085,2015,4,New Orleans,5.5,Dallas
1086,1086,2015,4,Seattle,10.0,Detroit
1087,1087,2015,5,Houston,1.0,Indianapolis
1088,1088,2015,5,Tampa Bay,3.0,Jacksonville
1089,1089,2015,5,Buffalo,2.5,Tennessee
1090,1090,2015,5,Baltimore,6.5,Cleveland
1091,1091,2015,5,Atlanta,7.0,Washington
1092,1092,2015,5,Kansas City,9.0,Chicago
1093,1093,2015,5,Philadelphia,4.5,New Orleans
1094,1094,2015,5,Green Bay,8.5,LA Rams
1095,1095,2015,5,Cincinnati,3.0,Seattle
1096,1096,2015,5,Arizona,2.5,Detroit
1097,1097,2015,5,New England,8.5,Dallas
1098,1098,2015,5,Denver,4.5,Oakland
1099,1099,2015,5,NY Giants,7.0,San Francisco
1100,1100,2015,5,LA Chargers,3.0,Pittsburgh
1101,1101,2015,6,Atlanta,3.5,New Orleans
1102,1102,2015,6,Denver,4.5,Cleveland
1103,1103,2015,6,Cincinnati,3.0,Buffalo
1104,1104,2015,6,Minnesota,3.5,Kansas City
1105,1105,2015,6,Houston,0.0,Jacksonville
1106,1106,2015,6,Detroit,3.0,Chicago
1107,1107,2015,6,NY Jets,6.0,Washington
1108,1108,2015,6,Arizona,3.0,Pittsburgh
1109,1109,2015,6,Tennessee,2.5,Miami
1110,1110,2015,6,Seattle,6.5,Carolina
1111,1111,2015,6,Green Bay,10.5,LA Chargers
1112,1112,2015,6,Baltimore,2.5,San Francisco
1113,1113,2015,6,New England,7.5,Indianapolis
1114,1114,2015,6,Philadelphia,3.0,NY Giants
1115,1115,2015,7,Seattle,6.5,San Francisco
1116,1116,2015,7,Buffalo,6.0,Jacksonville
1117,1117,2015,7,LA Rams,5.5,Cleveland
1118,1118,2015,7,Kansas City,0.0,Pittsburgh
1119,1119,2015,7,Miami,4.0,Houston
1120,1120,2015,7,New England,8.5,NY Jets
1121,1121,2015,7,Minnesota,3.0,Detroit
1122,1122,2015,7,Atlanta,4.5,Tennessee
1123,1123,2015,7,Washington,3.5,Tampa Bay
1124,1124,2015,7,Indianapolis,4.0,New Orleans
1125,1125,2015,7,LA Chargers,4.0,Oakland
1126,1126,2015,7,NY Giants,3.5,Dallas
1127,1127,2015,7,Carolina,3.0,Philadelphia
1128,1128,2015,7,Arizona,8.5,Baltimore
1129,1129,2015,8,New England,8.0,Miami
1130,1130,2015,8,Kansas City,5.5,Detroit
1131,1131,2015,8,Minnesota,1.0,Chicago
1132,1132,2015,8,Atlanta,7.0,Tampa Bay
1133,1133,2015,8,New Orleans,3.0,NY Giants
1134,1134,2015,8,LA Rams,8.5,San Francisco
1135,1135,2015,8,Arizona,4.5,Cleveland
1136,1136,2015,8,Cincinnati,0.0,Pittsburgh
1137,1137,2015,8,Baltimore,3.0,LA Chargers
1138,1138,2015,8,Houston,4.0,Tennessee
1139,1139,2015,8,NY Jets,2.0,Oakland
1140,1140,2015,8,Seattle,6.0,Dallas
1141,1141,2015,8,Green Bay,3.0,Denver
1142,1142,2015,8,Carolina,7.0,Indianapolis
1143,1143,2015,9,Cincinnati,11.5,Cleveland
1144,1144,2015,9,Pittsburgh,4.0,Oakland
1145,1145,2015,9,NY Jets,0.0,Jacksonville
1146,1146,2015,9,Minnesota,2.5,LA Rams
1147,1147,2015,9,Buffalo,3.0,Miami
1148,1148,2015,9,New Orleans,7.0,Tennessee
1149,1149,2015,9,New England,14.0,Washington
1150,1150,2015,9,Green Bay,2.5,Carolina
1151,1151,2015,9,Atlanta,7.0,San Francisco
1152,1152,2015,9,NY Giants,2.5,Tampa Bay
1153,1153,2015,9,Denver,5.0,Indianapolis
1154,1154,2015,9,Philadelphia,2.5,Dallas
1155,1155,2015,9,LA Chargers,4.0,Chicago
1156,1156,2015,10,NY Jets,2.5,Buffalo
1157,1157,2015,10,Green Bay,11.5,Detroit
1158,1158,2015,10,Tampa Bay,1.0,Dallas
1159,1159,2015,10,Carolina,5.0,Tennessee
1160,1160,2015,10,LA Rams,7.0,Chicago
1161,1161,2015,10,New Orleans,1.0,Washington
1162,1162,2015,10,Philadelphia,6.5,Miami
1163,1163,2015,10,Pittsburgh,5.0,Cleveland
1164,1164,2015,10,Baltimore,5.5,Jacksonville
1165,1165,2015,10,Oakland,3.0,Minnesota
1166,1166,2015,10,Denver,6.0,Kansas City
1167,1167,2015,10,New England,7.0,NY Giants
1168,1168,2015,10,Seattle,3.0,Arizona
1169,1169,2015,10,Cincinnati,10.0,Houston
1170,1170,2015,11,Jacksonville,3.0,Tennessee
1171,1171,2015,11,Carolina,7.0,Washington
1172,1172,2015,11,Oakland,2.0,Detroit
1173,1173,2015,11,Miami,0.0,Dallas
1174,1174,2015,11,Atlanta,6.0,Indianapolis
1175,1175,2015,11,Baltimore,2.0,LA Rams
1176,1176,2015,11,NY Jets,2.5,Houston
1177,1177,2015,11,Minnesota,1.0,Green Bay
1178,1178,2015,11,Philadelphia,5.5,Tampa Bay
1179,1179,2015,11,Chicago,1.0,Denver
1180,1180,2015,11,Arizona,5.0,Cincinnati
1181,1181,2015,11,Seattle,12.5,San Francisco
1182,1182,2015,11,Kansas City,3.0,LA Chargers
1183,1183,2015,11,New England,7.0,Buffalo
1184,1184,2015,12,Detroit,2.0,Philadelphia
1185,1185,2015,12,Dallas,1.5,Carolina
1186,1186,2015,12,Green Bay,8.0,Chicago
1187,1187,2015,12,Houston,3.0,New Orleans
1188,1188,2015,12,Atlanta,1.0,Minnesota
1189,1189,2015,12,Cincinnati,8.5,LA Rams
1190,1190,2015,12,Indianapolis,3.0,Tampa Bay
1191,1191,2015,12,NY Giants,3.0,Washington
1192,1192,2015,12,Oakland,1.5,Tennessee
1193,1193,2015,12,Kansas City,6.5,Buffalo
1194,1194,2015,12,NY Jets,3.5,Miami
1195,1195,2015,12,Jacksonville,3.5,LA Chargers
1196,1196,2015,12,Arizona,10.0,San Francisco
1197,1197,2015,12,Seattle,4.0,Pittsburgh
1198,1198,2015,12,New England,3.0,Denver
1199,1199,2015,12,Cleveland,2.5,Baltimore
1200,1200,2015,13,Green Bay,3.0,Detroit
1201,1201,2015,13,Chicago,7.0,San Francisco
1202,1202,2015,13,Cincinnati,10.0,Cleveland
1203,1203,2015,13,Tennessee,2.5,Jacksonville
1204,1204,2015,13,Buffalo,3.0,Houston
1205,1205,2015,13,Miami,4.0,Baltimore
1206,1206,2015,13,Carolina,7.0,New Orleans
1207,1207,2015,13,Seattle,0.0,Minnesota
1208,1208,2015,13,Arizona,5.5,LA Rams
1209,1209,2015,13,Tampa Bay,1.5,Atlanta
1210,1210,2015,13,NY Jets,2.5,NY Giants
1211,1211,2015,13,Denver,4.0,LA Chargers
1212,1212,2015,13,Kansas City,3.0,Oakland
1213,1213,2015,13,New England,10.0,Philadelphia
1214,1214,2015,13,Pittsburgh,7.0,Indianapolis
1215,1215,2015,13,Washington,4.5,Dallas
1216,1216,2015,14,Arizona,8.5,Minnesota
1217,1217,2015,14,Cincinnati,3.0,Pittsburgh
1218,1218,2015,14,Buffalo,1.5,Philadelphia
1219,1219,2015,14,Carolina,7.5,Atlanta
1220,1220,2015,14,Cleveland,1.5,San Francisco
1221,1221,2015,14,Chicago,3.0,Washington
1222,1222,2015,14,LA Rams,0.0,Detroit
1223,1223,2015,14,Kansas City,10.0,LA Chargers
1224,1224,2015,14,Tampa Bay,4.0,New Orleans
1225,1225,2015,14,Jacksonville,0.0,Indianapolis
1226,1226,2015,14,NY Jets,7.0,Tennessee
1227,1227,2015,14,New England,3.0,Houston
1228,1228,2015,14,Denver,7.0,Oakland
1229,1229,2015,14,Green Bay,7.0,Dallas
1230,1230,2015,14,Seattle,8.5,Baltimore
1231,1231,2015,14,NY Giants,1.5,Miami
1232,1232,2015,15,LA Rams,2.5,Tampa Bay
1233,1233,2015,15,NY Jets,3.5,Dallas
1234,1234,2015,15,Minnesota,5.5,Chicago
1235,1235,2015,15,Jacksonville,3.0,Atlanta
1236,1236,2015,15,Indianapolis,0.0,Houston
1237,1237,2015,15,Kansas City,7.0,Baltimore
1238,1238,2015,15,Buffalo,1.0,Washington
1239,1239,2015,15,New England,14.0,Tennessee
1240,1240,2015,15,Arizona,3.0,Philadelphia
1241,1241,2015,15,Carolina,5.0,NY Giants
1242,1242,2015,15,Seattle,14.5,Cleveland
1243,1243,2015,15,Green Bay,3.0,Oakland
1244,1244,2015,15,LA Chargers,2.0,Miami
1245,1245,2015,15,Pittsburgh,6.5,Denver
1246,1246,2015,15,Cincinnati,4.5,San Francisco
1247,1247,2015,15,New Orleans,3.0,Detroit
1248,1248,2015,16,Oakland,6.0,LA Chargers
1249,1249,2015,16,Philadelphia,3.0,Washington
1250,1250,2015,16,Minnesota,5.5,NY Giants
1251,1251,2015,16,Tampa Bay,3.0,Chicago
1252,1252,2015,16,Carolina,7.0,Atlanta
1253,1253,2015,16,Buffalo,6.0,Dallas
1254,1254,2015,16,New Orleans,0.0,Jacksonville
1255,1255,2015,16,Detroit,9.5,San Francisco
1256,1256,2015,16,Kansas City,12.0,Cleveland
1257,1257,2015,16,Miami,1.5,Indianapolis
1258,1258,2015,16,New England,3.0,NY Jets
1259,1259,2015,16,Tennessee,0.0,Houston
1260,1260,2015,16,Arizona,4.0,Green Bay
1261,1261,2015,16,Seattle,13.0,LA Rams
1262,1262,2015,16,Pittsburgh,10.0,Baltimore
1263,1263,2015,16,Denver,3.5,Cincinnati
1264,1264,2015,17,NY Jets,3.0,Buffalo
1265,1265,2015,17,Carolina,10.5,Tampa Bay
1266,1266,2015,17,New England,10.0,Miami
1267,1267,2015,17,Cincinnati,9.0,Baltimore
1268,1268,2015,17,Atlanta,4.0,New Orleans
1269,1269,2015,17,Houston,6.5,Jacksonville
1270,1270,2015,17,Pittsburgh,11.0,Cleveland
1271,1271,2015,17,Kansas City,7.0,Oakland
1272,1272,2015,17,Indianapolis,0.0,Tennessee
1273,1273,2015,17,Dallas,4.0,Washington
1274,1274,2015,17,Chicago,1.0,Detroit
1275,1275,2015,17,NY Giants,3.5,Philadelphia
1276,1276,2015,17,Green Bay,3.5,Minnesota
1277,1277,2015,17,Denver,9.0,LA Chargers
1278,1278,2015,17,LA Rams,3.5,San Francisco
1279,1279,2015,17,Arizona,6.5,Seattle
1280,1280,2016,1,Carolina,3.0,Denver
1281,1281,2016,1,Atlanta,3.0,Tampa Bay
1282,1282,2016,1,Minnesota,2.5,Tennessee
1283,1283,2016,1,Philadelphia,4.0,Cleveland
1284,1284,2016,1,Cincinnati,2.5,NY Jets
1285,1285,2016,1,New Orleans,1.0,Oakland
1286,1286,2016,1,Kansas City,7.0,LA Chargers
1287,1287,2016,1,Baltimore,3.0,Buffalo
1288,1288,2016,1,Houston,6.5,Chicago
1289,1289,2016,1,Green Bay,5.5,Jacksonville
1290,1290,2016,1,Seattle,10.5,Miami
1291,1291,2016,1,NY Giants,1.0,Dallas
1292,1292,2016,1,Indianapolis,3.5,Detroit
1293,1293,2016,1,Arizona,6.0,New England
1294,1294,2016,1,Pittsburgh,3.0,Washington
1295,1295,2016,1,LA Rams,2.5,San Francisco
1296,1296,2016,2,NY Jets,1.5,Buffalo
1297,1297,2016,2,Detroit,5.5,Tennessee
1298,1298,2016,2,Houston,3.0,Kansas City
1299,1299,2016,2,New England,6.5,Miami
1300,1300,2016,2,Baltimore,7.0,Cleveland
1301,1301,2016,2,Pittsburgh,3.5,Cincinnati
1302,1302,2016,2,Washington,2.5,Dallas
1303,1303,2016,2,NY Giants,4.5,New Orleans
1304,1304,2016,2,Carolina,13.5,San Francisco
1305,1305,2016,2,Arizona,6.5,Tampa Bay
1306,1306,2016,2,Seattle,7.0,LA Rams
1307,1307,2016,2,Denver,6.5,Indianapolis
1308,1308,2016,2,Oakland,5.5,Atlanta
1309,1309,2016,2,LA Chargers,3.0,Jacksonville
1310,1310,2016,2,Green Bay,2.5,Minnesota
1311,1311,2016,2,Chicago,3.5,Philadelphia
1312,1312,2016,3,Houston,1.0,New England
1313,1313,2016,3,Cincinnati,3.0,Denver
1314,1314,2016,3,Tennessee,2.0,Oakland
1315,1315,2016,3,Arizona,4.0,Buffalo
1316,1316,2016,3,Baltimore,1.0,Jacksonville
1317,1317,2016,3,Miami,10.0,Cleveland
1318,1318,2016,3,NY Giants,5.0,Washington
1319,1319,2016,3,Green Bay,7.0,Detroit
1320,1320,2016,3,Carolina,7.0,Minnesota
1321,1321,2016,3,Seattle,9.0,San Francisco
1322,1322,2016,3,Tampa Bay,6.0,LA Rams
1323,1323,2016,3,Pittsburgh,3.5,Philadelphia
1324,1324,2016,3,Kansas City,3.0,NY Jets
1325,1325,2016,3,Indianapolis,2.5,LA Chargers
1326,1326,2016,3,Dallas,7.0,Chicago
1327,1327,2016,3,New Orleans,3.0,Atlanta
1328,1328,2016,4,Cincinnati,7.5,Miami
1329,1329,2016,4,Indianapolis,2.5,Jacksonville
1330,1330,2016,4,Washington,7.5,Cleveland
1331,1331,2016,4,New England,6.0,Buffalo
1332,1332,2016,4,Seattle,2.5,NY Jets
1333,1333,2016,4,Carolina,3.0,Atlanta
1334,1334,2016,4,Detroit,3.0,Chicago
1335,1335,2016,4,Houston,5.0,Tennessee
1336,1336,2016,4,Baltimore,3.0,Oakland
1337,1337,2016,4,Denver,3.0,Tampa Bay
1338,1338,2016,4,Dallas,3.0,San Francisco
1339,1339,2016,4,LA Chargers,4.0,New Orleans
1340,1340,2016,4,Arizona,8.0,LA Rams
1341,1341,2016,4,Pittsburgh,5.0,Kansas City
1342,1342,2016,4,Minnesota,4.5,NY Giants
1343,1343,2016,5,Arizona,3.0,San Francisco
1344,1344,2016,5,Minnesota,6.5,Houston
1345,1345,2016,5,Miami,3.5,Tennessee
1346,1346,2016,5,New England,10.5,Cleveland
1347,1347,2016,5,Pittsburgh,7.0,NY Jets
1348,1348,2016,5,Baltimore,4.0,Washington
1349,1349,2016,5,Philadelphia,3.0,Detroit
1350,1350,2016,5,Indianapolis,4.5,Chicago
1351,1351,2016,5,Denver,6.0,Atlanta
1352,1352,2016,5,LA Rams,2.5,Buffalo
1353,1353,2016,5,Oakland,3.5,LA Chargers
1354,1354,2016,5,Dallas,0.0,Cincinnati
1355,1355,2016,5,Green Bay,7.0,NY Giants
1356,1356,2016,5,Carolina,0.0,Tampa Bay
1357,1357,2016,6,Denver,3.0,LA Chargers
1358,1358,2016,6,New England,9.0,Cincinnati
1359,1359,2016,6,NY Giants,3.0,Baltimore
1360,1360,2016,6,Carolina,3.0,New Orleans
1361,1361,2016,6,Pittsburgh,7.5,Miami
1362,1362,2016,6,Chicago,3.0,Jacksonville
1363,1363,2016,6,Buffalo,8.0,San Francisco
1364,1364,2016,6,Detroit,3.0,LA Rams
1365,1365,2016,6,Tennessee,7.0,Cleveland
1366,1366,2016,6,Philadelphia,3.0,Washington
1367,1367,2016,6,Oakland,1.0,Kansas City
1368,1368,2016,6,Seattle,6.5,Atlanta
1369,1369,2016,6,Green Bay,4.0,Dallas
1370,1370,2016,6,Houston,3.0,Indianapolis
1371,1371,2016,6,Arizona,7.5,NY Jets
1372,1372,2016,7,Green Bay,7.5,Chicago
1373,1373,2016,7,NY Giants,3.0,LA Rams
1374,1374,2016,7,Minnesota,2.5,Philadelphia
1375,1375,2016,7,Kansas City,6.5,New Orleans
1376,1376,2016,7,Detroit,1.0,Washington
1377,1377,2016,7,Cincinnati,9.5,Cleveland
1378,1378,2016,7,Buffalo,3.0,Miami
1379,1379,2016,7,Jacksonville,1.0,Oakland
1380,1380,2016,7,Tennessee,3.0,Indianapolis
1381,1381,2016,7,NY Jets,0.0,Baltimore
1382,1382,2016,7,Atlanta,6.5,LA Chargers
1383,1383,2016,7,Tampa Bay,2.0,San Francisco
1384,1384,2016,7,New England,7.0,Pittsburgh
1385,1385,2016,7,Arizona,2.5,Seattle
1386,1386,2016,7,Denver,7.5,Houston
1387,1387,2016,8,Tennessee,3.5,Jacksonville
1388,1388,2016,8,Cincinnati,3.0,Washington
1389,1389,2016,8,Atlanta,2.5,Green Bay
1390,1390,2016,8,Houston,2.5,Detroit
1391,1391,2016,8,Seattle,2.5,New Orleans
1392,1392,2016,8,New England,6.5,Buffalo
1393,1393,2016,8,NY Jets,3.5,Cleveland
1394,1394,2016,8,Tampa Bay,1.5,Oakland
1395,1395,2016,8,Kansas City,2.5,Indianapolis
1396,1396,2016,8,Denver,5.0,LA Chargers
1397,1397,2016,8,Carolina,3.0,Arizona
1398,1398,2016,8,Dallas,4.5,Philadelphia
1399,1399,2016,8,Minnesota,5.5,Chicago
1400,1400,2016,9,Atlanta,4.0,Tampa Bay
1401,1401,2016,9,Kansas City,7.5,Jacksonville
1402,1402,2016,9,Minnesota,6.5,Detroit
1403,1403,2016,9,NY Giants,2.0,Philadelphia
1404,1404,2016,9,Dallas,7.0,Cleveland
1405,1405,2016,9,Miami,4.0,NY Jets
1406,1406,2016,9,Baltimore,2.0,Pittsburgh
1407,1407,2016,9,New Orleans,3.5,San Francisco
1408,1408,2016,9,Carolina,3.0,LA Rams
1409,1409,2016,9,Green Bay,7.5,Indianapolis
1410,1410,2016,9,LA Chargers,5.0,Tennessee
1411,1411,2016,9,Oakland,0.0,Denver
1412,1412,2016,9,Seattle,7.0,Buffalo
1413,1413,2016,10,Baltimore,9.5,Cleveland
1414,1414,2016,10,Houston,1.5,Jacksonville
1415,1415,2016,10,Carolina,3.0,Kansas City
1416,1416,2016,10,New Orleans,2.0,Denver
1417,1417,2016,10,NY Jets,2.0,LA Rams
1418,1418,2016,10,Philadelphia,1.0,Atlanta
1419,1419,2016,10,Washington,3.0,Minnesota
1420,1420,2016,10,Green Bay,2.5,Tennessee
1421,1421,2016,10,Tampa Bay,1.0,Chicago
1422,1422,2016,10,LA Chargers,4.0,Miami
1423,1423,2016,10,Arizona,13.0,San Francisco
1424,1424,2016,10,Pittsburgh,2.5,Dallas
1425,1425,2016,10,New England,7.5,Seattle
1426,1426,2016,10,NY Giants,1.0,Cincinnati
1427,1427,2016,11,Carolina,3.5,New Orleans
1428,1428,2016,11,Indianapolis,3.0,Tennessee
1429,1429,2016,11,Detroit,6.5,Jacksonville
1430,1430,2016,11,Kansas City,7.5,Tampa Bay
1431,1431,2016,11,NY Giants,7.5,Chicago
1432,1432,2016,11,Minnesota,0.0,Arizona
1433,1433,2016,11,Cincinnati,2.5,Buffalo
1434,1434,2016,11,Dallas,7.0,Baltimore
1435,1435,2016,11,Pittsburgh,8.0,Cleveland
1436,1436,2016,11,Miami,1.5,LA Rams
1437,1437,2016,11,New England,13.0,San Francisco
1438,1438,2016,11,Seattle,6.0,Philadelphia
1439,1439,2016,11,Washington,2.5,Green Bay
1440,1440,2016,11,Oakland,6.0,Houston
1441,1441,2016,12,Detroit,2.5,Minnesota
1442,1442,2016,12,Dallas,7.0,Washington
1443,1443,2016,12,Pittsburgh,9.0,Indianapolis
1444,1444,2016,12,LA Chargers,2.0,Houston
1445,1445,2016,12,Tennessee,4.5,Chicago
1446,1446,2016,12,Buffalo,7.5,Jacksonville
1447,1447,2016,12,Baltimore,4.5,Cincinnati
1448,1448,2016,12,Atlanta,4.0,Arizona
1449,1449,2016,12,Miami,7.5,San Francisco
1450,1450,2016,12,New Orleans,7.0,LA Rams
1451,1451,2016,12,NY Giants,7.0,Cleveland
1452,1452,2016,12,Seattle,6.0,Tampa Bay
1453,1453,2016,12,Oakland,3.0,Carolina
1454,1454,2016,12,Denver,3.0,Kansas City
1455,1455,2016,12,New England,7.5,NY Jets
1456,1456,2016,12,Philadelphia,4.0,Green Bay
1457,1457,2016,13,Dallas,3.0,Minnesota
1458,1458,2016,13,Denver,4.0,Jacksonville
1459,1459,2016,13,Atlanta,4.0,Kansas City
1460,1460,2016,13,Green Bay,6.5,Houston
1461,1461,2016,13,Cincinnati,0.0,Philadelphia
1462,1462,2016,13,New Orleans,6.0,Detroit
1463,1463,2016,13,Chicago,1.0,San Francisco
1464,1464,2016,13,New England,13.5,LA Rams
1465,1465,2016,13,Baltimore,3.0,Miami
1466,1466,2016,13,Oakland,3.0,Buffalo
1467,1467,2016,13,LA Chargers,3.5,Tampa Bay
1468,1468,2016,13,Arizona,3.0,Washington
1469,1469,2016,13,Pittsburgh,6.0,NY Giants
1470,1470,2016,13,Seattle,7.0,Carolina
1471,1471,2016,13,Indianapolis,1.0,NY Jets
1472,1472,2016,14,Kansas City,3.0,Oakland
1473,1473,2016,14,Tennessee,1.0,Denver
1474,1474,2016,14,Carolina,1.0,LA Chargers
1475,1475,2016,14,Indianapolis,6.0,Houston
1476,1476,2016,14,Cincinnati,5.5,Cleveland
1477,1477,2016,14,Pittsburgh,1.0,Buffalo
1478,1478,2016,14,Miami,1.0,Arizona
1479,1479,2016,14,Detroit,7.5,Chicago
1480,1480,2016,14,Minnesota,3.5,Jacksonville
1481,1481,2016,14,Tampa Bay,2.5,New Orleans
1482,1482,2016,14,Philadelphia,0.0,Washington
1483,1483,2016,14,San Francisco,3.0,NY Jets
1484,1484,2016,14,Seattle,3.0,Green Bay
1485,1485,2016,14,Atlanta,6.0,LA Rams
1486,1486,2016,14,Dallas,3.0,NY Giants
1487,1487,2016,14,New England,7.0,Baltimore
1488,1488,2016,15,Seattle,16.0,LA Rams
1489,1489,2016,15,Miami,2.0,NY Jets
1490,1490,2016,15,Dallas,6.5,Tampa Bay
1491,1491,2016,15,NY Giants,5.0,Detroit
1492,1492,2016,15,Baltimore,5.5,Philadelphia
1493,1493,2016,15,Green Bay,6.5,Chicago
1494,1494,2016,15,Minnesota,4.5,Indianapolis
1495,1495,2016,15,Buffalo,10.0,Cleveland
1496,1496,2016,15,Kansas City,5.5,Tennessee
1497,1497,2016,15,Houston,6.0,Jacksonville
1498,1498,2016,15,Arizona,2.5,New Orleans
1499,1499,2016,15,Atlanta,14.0,San Francisco
1500,1500,2016,15,New England,3.0,Denver
1501,1501,2016,15,Oakland,3.0,LA Chargers
1502,1502,2016,15,Pittsburgh,3.0,Cincinnati
1503,1503,2016,15,Washington,6.0,Carolina
1504,1504,2016,16,NY Giants,2.5,Philadelphia
1505,1505,2016,16,Washington,3.0,Chicago
1506,1506,2016,16,Buffalo,4.0,Miami
1507,1507,2016,16,New Orleans,3.0,Tampa Bay
1508,1508,2016,16,Atlanta,3.0,Carolina
1509,1509,2016,16,Green Bay,7.0,Minnesota
1510,1510,2016,16,New England,16.5,NY Jets
1511,1511,2016,16,Tennessee,4.5,Jacksonville
1512,1512,2016,16,LA Chargers,6.0,Cleveland
1513,1513,2016,16,Oakland,3.0,Indianapolis
1514,1514,2016,16,LA Rams,3.0,San Francisco
1515,1515,2016,16,Seattle,7.5,Arizona
1516,1516,2016,16,Houston,1.5,Cincinnati
1517,1517,2016,16,Pittsburgh,5.0,Baltimore
1518,1518,2016,16,Kansas City,3.0,Denver
1519,1519,2016,16,Dallas,7.0,Detroit
1520,1520,2016,17,Tennessee,3.0,Houston
1521,1521,2016,17,Buffalo,3.5,NY Jets
1522,1522,2016,17,Cincinnati,2.0,Baltimore
1523,1523,2016,17,Washington,8.0,NY Giants
1524,1524,2016,17,Green Bay,3.0,Detroit
1525,1525,2016,17,Indianapolis,4.5,Jacksonville
1526,1526,2016,17,Philadelphia,4.0,Dallas
1527,1527,2016,17,Minnesota,5.0,Chicago
1528,1528,2016,17,Tampa Bay,6.0,Carolina
1529,1529,2016,17,Pittsburgh,6.0,Cleveland
1530,1530,2016,17,Atlanta,6.5,New Orleans
1531,1531,2016,17,New England,10.0,Miami
1532,1532,2016,17,Arizona,6.0,LA Rams
1533,1533,2016,17,Kansas City,5.5,LA Chargers
1534,1534,2016,17,Seattle,10.0,San Francisco
1535,1535,2016,17,Denver,1.0,Oakland
1536,1536,2017,1,New England,9.0,Kansas City
1537,1537,2017,1,Buffalo,9.0,NY Jets
1538,1538,2017,1,Atlanta,7.0,Chicago
1539,1539,2017,1,Houston,6.0,Jacksonville
1540,1540,2017,1,Philadelphia,1.0,Washington
1541,1541,2017,1,Arizona,2.0,Detroit
1542,1542,2017,1,Tennessee,2.5,Oakland
1543,1543,2017,1,Cincinnati,3.0,Baltimore
1544,1544,2017,1,Pittsburgh,9.0,Cleveland
1545,1545,2017,1,LA Rams,3.5,Indianapolis
1546,1546,2017,1,Green Bay,3.0,Seattle
1547,1547,2017,1,Carolina,5.5,San Francisco
1548,1548,2017,1,Dallas,4.0,NY Giants
1549,1549,2017,1,Minnesota,3.5,New Orleans
1550,1550,2017,1,Denver,3.5,LA Chargers
1551,1551,2017,2,Cincinnati,6.5,Houston
1552,1552,2017,2,Tennessee,2.0,Jacksonville
1553,1553,2017,2,Baltimore,9.0,Cleveland
1554,1554,2017,2,Carolina,7.0,Buffalo
1555,1555,2017,2,New England,6.5,New Orleans
1556,1556,2017,2,Arizona,7.0,Indianapolis
1557,1557,2017,2,Kansas City,5.5,Philadelphia
1558,1558,2017,2,Pittsburgh,5.5,Minnesota
1559,1559,2017,2,Tampa Bay,7.0,Chicago
1560,1560,2017,2,LA Chargers,4.0,Miami
1561,1561,2017,2,Oakland,14.0,NY Jets
1562,1562,2017,2,LA Rams,2.5,Washington
1563,1563,2017,2,Dallas,2.5,Denver
1564,1564,2017,2,Seattle,14.0,San Francisco
1565,1565,2017,2,Atlanta,3.0,Green Bay
1566,1566,2017,2,NY Giants,3.0,Detroit
1567,1567,2017,3,LA Rams,2.5,San Francisco
1568,1568,2017,3,Baltimore,3.5,Jacksonville
1569,1569,2017,3,Cleveland,1.0,Indianapolis
1570,1570,2017,3,Pittsburgh,7.0,Chicago
1571,1571,2017,3,Miami,6.0,NY Jets
1572,1572,2017,3,Denver,3.0,Buffalo
1573,1573,2017,3,New England,13.5,Houston
1574,1574,2017,3,Carolina,5.0,New Orleans
1575,1575,2017,3,Minnesota,0.0,Tampa Bay
1576,1576,2017,3,Atlanta,3.0,Detroit
1577,1577,2017,3,Philadelphia,6.0,NY Giants
1578,1578,2017,3,Tennessee,3.0,Seattle
1579,1579,2017,3,Kansas City,3.0,LA Chargers
1580,1580,2017,3,Green Bay,8.5,Cincinnati
1581,1581,2017,3,Oakland,3.0,Washington
1582,1582,2017,3,Dallas,3.0,Arizona
1583,1583,2017,4,Green Bay,7.0,Chicago
1584,1584,2017,4,New Orleans,3.0,Miami
1585,1585,2017,4,New England,9.0,Carolina
1586,1586,2017,4,Dallas,6.0,LA Rams
1587,1587,2017,4,Minnesota,0.0,Detroit
1588,1588,2017,4,Tennessee,2.0,Houston
1589,1589,2017,4,Jacksonville,3.0,NY Jets
1590,1590,2017,4,Cincinnati,3.0,Cleveland
1591,1591,2017,4,Pittsburgh,3.0,Baltimore
1592,1592,2017,4,Atlanta,7.5,Buffalo
1593,1593,2017,4,Tampa Bay,3.0,NY Giants
1594,1594,2017,4,LA Chargers,1.0,Philadelphia
1595,1595,2017,4,Arizona,7.0,San Francisco
1596,1596,2017,4,Denver,2.5,Oakland
1597,1597,2017,4,Seattle,13.0,Indianapolis
1598,1598,2017,4,Kansas City,7.0,Washington
1599,1599,2017,5,New England,5.0,Tampa Bay
1600,1600,2017,5,NY Giants,3.0,LA Chargers
1601,1601,2017,5,Cincinnati,3.0,Buffalo
1602,1602,2017,5,NY Jets,1.0,Cleveland
1603,1603,2017,5,Pittsburgh,8.0,Jacksonville
1604,1604,2017,5,Tennessee,2.5,Miami
1605,1605,2017,5,Indianapolis,1.0,San Francisco
1606,1606,2017,5,Philadelphia,6.5,Arizona
1607,1607,2017,5,Detroit,2.5,Carolina
1608,1608,2017,5,LA Rams,1.0,Seattle
1609,1609,2017,5,Oakland,2.5,Baltimore
1610,1610,2017,5,Dallas,2.0,Green Bay
1611,1611,2017,5,Houston,0.0,Kansas City
1612,1612,2017,5,Chicago,0.0,Minnesota
1613,1613,2017,6,Carolina,3.5,Philadelphia
1614,1614,2017,6,Houston,10.0,Cleveland
1615,1615,2017,6,New England,9.5,NY Jets
1616,1616,2017,6,Atlanta,12.0,Miami
1617,1617,2017,6,New Orleans,5.0,Detroit
1618,1618,2017,6,Green Bay,3.0,Minnesota
1619,1619,2017,6,Baltimore,6.0,Chicago
1620,1620,2017,6,Washington,10.5,San Francisco
1621,1621,2017,6,Jacksonville,3.0,LA Rams
1622,1622,2017,6,Tampa Bay,2.0,Arizona
1623,1623,2017,6,Kansas City,4.5,Pittsburgh
1624,1624,2017,6,Oakland,3.0,LA Chargers
1625,1625,2017,6,Denver,11.5,NY Giants
1626,1626,2017,6,Tennessee,0.0,Indianapolis
1627,1627,2017,7,Kansas City,3.0,Oakland
1628,1628,2017,7,Tennessee,5.5,Cleveland
1629,1629,2017,7,Jacksonville,3.5,Indianapolis
1630,1630,2017,7,Pittsburgh,5.0,Cincinnati
1631,1631,2017,7,Minnesota,6.0,Baltimore
1632,1632,2017,7,Miami,3.0,NY Jets
1633,1633,2017,7,Buffalo,0.0,Tampa Bay
1634,1634,2017,7,Carolina,3.0,Chicago
1635,1635,2017,7,New Orleans,5.5,Green Bay
1636,1636,2017,7,LA Rams,3.5,Arizona
1637,1637,2017,7,Dallas,6.0,San Francisco
1638,1638,2017,7,Seattle,5.0,NY Giants
1639,1639,2017,7,LA Chargers,1.5,Denver
1640,1640,2017,7,New England,3.0,Atlanta
1641,1641,2017,7,Philadelphia,4.5,Washington
1642,1642,2017,8,Baltimore,3.0,Miami
1643,1643,2017,8,Minnesota,9.5,Cleveland
1644,1644,2017,8,New Orleans,9.0,Chicago
1645,1645,2017,8,Atlanta,4.5,NY Jets
1646,1646,2017,8,Tampa Bay,2.0,Carolina
1647,1647,2017,8,Philadelphia,12.5,San Francisco
1648,1648,2017,8,Buffalo,2.5,Oakland
1649,1649,2017,8,Cincinnati,11.0,Indianapolis
1650,1650,2017,8,New England,7.0,LA Chargers
1651,1651,2017,8,Seattle,5.0,Houston
1652,1652,2017,8,Dallas,1.5,Washington
1653,1653,2017,8,Pittsburgh,3.0,Detroit
1654,1654,2017,8,Kansas City,7.0,Denver
1655,1655,2017,9,Buffalo,3.0,NY Jets
1656,1656,2017,9,Philadelphia,9.0,Denver
1657,1657,2017,9,LA Rams,3.5,NY Giants
1658,1658,2017,9,New Orleans,7.0,Tampa Bay
1659,1659,2017,9,Jacksonville,5.5,Cincinnati
1660,1660,2017,9,Carolina,1.0,Atlanta
1661,1661,2017,9,Houston,13.0,Indianapolis
1662,1662,2017,9,Tennessee,4.5,Baltimore
1663,1663,2017,9,Arizona,1.5,San Francisco
1664,1664,2017,9,Seattle,7.0,Washington
1665,1665,2017,9,Dallas,0.0,Kansas City
1666,1666,2017,9,Oakland,3.0,Miami
1667,1667,2017,9,Detroit,2.5,Green Bay
1668,1668,2017,10,Seattle,6.0,Arizona
1669,1669,2017,10,Minnesota,1.0,Washington
1670,1670,2017,10,Chicago,6.0,Green Bay
1671,1671,2017,10,Pittsburgh,10.0,Indianapolis
1672,1672,2017,10,Jacksonville,3.5,LA Chargers
1673,1673,2017,10,NY Jets,2.5,Tampa Bay
1674,1674,2017,10,Tennessee,4.0,Cincinnati
1675,1675,2017,10,New Orleans,3.0,Buffalo
1676,1676,2017,10,Detroit,12.0,Cleveland
1677,1677,2017,10,LA Rams,11.0,Houston
1678,1678,2017,10,Atlanta,3.0,Dallas
1679,1679,2017,10,NY Giants,2.5,San Francisco
1680,1680,2017,10,New England,7.5,Denver
1681,1681,2017,10,Carolina,9.0,Miami
1682,1682,2017,11,Pittsburgh,7.0,Tennessee
1683,1683,2017,11,Detroit,3.0,Chicago
1684,1684,2017,11,Kansas City,10.0,NY Giants
1685,1685,2017,11,Miami,0.0,Tampa Bay
1686,1686,2017,11,Baltimore,2.0,Green Bay
1687,1687,2017,11,Minnesota,2.0,LA Rams
1688,1688,2017,11,Houston,0.0,Arizona
1689,1689,2017,11,Jacksonville,8.0,Cleveland
1690,1690,2017,11,New Orleans,8.0,Washington
1691,1691,2017,11,LA Chargers,4.5,Buffalo
1692,1692,2017,11,Denver,2.5,Cincinnati
1693,1693,2017,11,New England,6.5,Oakland
1694,1694,2017,11,Philadelphia,3.5,Dallas
1695,1695,2017,11,Seattle,2.5,Atlanta
1696,1696,2017,12,Minnesota,3.0,Detroit
1697,1697,2017,12,LA Chargers,2.0,Dallas
1698,1698,2017,12,Washington,7.0,NY Giants
1699,1699,2017,12,Cincinnati,7.5,Cleveland
1700,1700,2017,12,Philadelphia,13.5,Chicago
1701,1701,2017,12,New England,16.5,Miami
1702,1702,2017,12,Kansas City,9.5,Buffalo
1703,1703,2017,12,Atlanta,10.0,Tampa Bay
1704,1704,2017,12,Carolina,4.5,NY Jets
1705,1705,2017,12,Tennessee,3.5,Indianapolis
1706,1706,2017,12,Seattle,6.5,San Francisco
1707,1707,2017,12,LA Rams,2.5,New Orleans
1708,1708,2017,12,Jacksonville,5.0,Arizona
1709,1709,2017,12,Oakland,4.0,Denver
1710,1710,2017,12,Pittsburgh,14.0,Green Bay
1711,1711,2017,12,Baltimore,7.0,Houston
1712,1712,2017,13,Washington,2.0,Dallas
1713,1713,2017,13,Baltimore,2.5,Detroit
1714,1714,2017,13,Chicago,3.0,San Francisco
1715,1715,2017,13,Atlanta,3.0,Minnesota
1716,1716,2017,13,New England,9.0,Buffalo
1717,1717,2017,13,Denver,1.5,Miami
1718,1718,2017,13,Tennessee,6.5,Houston
1719,1719,2017,13,Jacksonville,9.5,Indianapolis
1720,1720,2017,13,Tampa Bay,1.5,Green Bay
1721,1721,2017,13,Kansas City,3.0,NY Jets
1722,1722,2017,13,New Orleans,4.5,Carolina
1723,1723,2017,13,LA Chargers,13.5,Cleveland
1724,1724,2017,13,LA Rams,7.0,Arizona
1725,1725,2017,13,Oakland,9.0,NY Giants
1726,1726,2017,13,Philadelphia,6.0,Seattle
1727,1727,2017,13,Pittsburgh,5.5,Cincinnati
1728,1728,2017,14,New Orleans,1.0,Atlanta
1729,1729,2017,14,Tampa Bay,0.0,Detroit
1730,1730,2017,14,Cincinnati,6.0,Chicago
1731,1731,2017,14,Buffalo,0.0,Indianapolis
1732,1732,2017,14,Jacksonville,2.5,Seattle
1733,1733,2017,14,Kansas City,4.0,Oakland
1734,1734,2017,14,Minnesota,3.0,Carolina
1735,1735,2017,14,Green Bay,3.0,Cleveland
1736,1736,2017,14,Houston,3.0,San Francisco
1737,1737,2017,14,LA Chargers,6.0,Washington
1738,1738,2017,14,NY Jets,1.5,Denver
1739,1739,2017,14,Tennessee,3.0,Arizona
1740,1740,2017,14,LA Rams,2.5,Philadelphia
1741,1741,2017,14,Dallas,4.5,NY Giants
1742,1742,2017,14,Pittsburgh,4.5,Baltimore
1743,1743,2017,14,New England,11.0,Miami
1744,1744,2017,15,Denver,2.5,Indianapolis
1745,1745,2017,15,Detroit,5.5,Chicago
1746,1746,2017,15,LA Chargers,1.5,Kansas City
1747,1747,2017,15,Philadelphia,7.5,NY Giants
1748,1748,2017,15,Carolina,3.0,Green Bay
1749,1749,2017,15,Minnesota,10.5,Cincinnati
1750,1750,2017,15,Buffalo,0.0,Miami
1751,1751,2017,15,Jacksonville,11.0,Houston
1752,1752,2017,15,New Orleans,16.0,NY Jets
1753,1753,2017,15,Washington,4.0,Arizona
1754,1754,2017,15,Baltimore,7.0,Cleveland
1755,1755,2017,15,Seattle,2.0,LA Rams
1756,1756,2017,15,New England,3.0,Pittsburgh
1757,1757,2017,15,San Francisco,2.0,Tennessee
1758,1758,2017,15,Dallas,3.0,Oakland
1759,1759,2017,15,Atlanta,6.0,Tampa Bay
1760,1760,2017,16,Baltimore,13.5,Indianapolis
1761,1761,2017,16,Minnesota,9.0,Green Bay
1762,1762,2017,16,Detroit,5.5,Cincinnati
1763,1763,2017,16,LA Chargers,7.0,NY Jets
1764,1764,2017,16,LA Rams,7.0,Tennessee
1765,1765,2017,16,Chicago,6.5,Cleveland
1766,1766,2017,16,Carolina,10.0,Tampa Bay
1767,1767,2017,16,New Orleans,6.0,Atlanta
1768,1768,2017,16,Washington,3.0,Denver
1769,1769,2017,16,Kansas City,10.0,Miami
1770,1770,2017,16,New England,11.0,Buffalo
1771,1771,2017,16,Jacksonville,4.0,San Francisco
1772,1772,2017,16,Arizona,3.5,NY Giants
1773,1773,2017,16,Dallas,5.5,Seattle
1774,1774,2017,16,Pittsburgh,9.0,Houston
1775,1775,2017,16,Philadelphia,9.0,Oakland
1776,1776,2017,17,Baltimore,10.0,Cincinnati
1777,1777,2017,17,Detroit,6.5,Green Bay
1778,1778,2017,17,Buffalo,2.0,Miami
1779,1779,2017,17,Atlanta,4.0,Carolina
1780,1780,2017,17,New Orleans,7.0,Tampa Bay
1781,1781,2017,17,Tennessee,3.0,Jacksonville
1782,1782,2017,17,New England,15.0,NY Jets
1783,1783,2017,17,Indianapolis,4.0,Houston
1784,1784,2017,17,Pittsburgh,10.5,Cleveland
1785,1785,2017,17,Washington,3.0,NY Giants
1786,1786,2017,17,Minnesota,11.0,Chicago
1787,1787,2017,17,Dallas,3.0,Philadelphia
1788,1788,2017,17,LA Chargers,8.0,Oakland
1789,1789,2017,17,Seattle,9.5,Arizona
1790,1790,2017,17,Denver,3.0,Kansas City
1791,1791,2017,17,San Francisco,2.5,LA Rams
1792,1792,2018,1,Philadelphia,1.5,Atlanta
1793,1793,2018,1,Pittsburgh,4.0,Cleveland
1794,1794,2018,1,Minnesota,6.5,San Francisco
1795,1795,2018,1,Indianapolis,2.5,Cincinnati
1796,1796,2018,1,Baltimore,7.5,Buffalo
1797,1797,2018,1,Jacksonville,3.0,NY Giants
1798,1798,2018,1,New Orleans,9.5,Tampa Bay
1799,1799,2018,1,New England,6.0,Houston
1800,1800,2018,1,Tennessee,1.0,Miami
1801,1801,2018,1,LA Chargers,3.0,Kansas City
1802,1802,2018,1,Denver,3.0,Seattle
1803,1803,2018,1,Carolina,2.5,Dallas
1804,1804,2018,1,Arizona,1.0,Washington
1805,1805,2018,1,Green Bay,7.5,Chicago
1806,1806,2018,1,Detroit,6.5,NY Jets
1807,1807,2018,1,LA Rams,4.0,Oakland
1808,1808,2018,2,Cincinnati,1.0,Baltimore
1809,1809,2018,2,Washington,6.0,Indianapolis
1810,1810,2018,2,Atlanta,6.0,Carolina
1811,1811,2018,2,Green Bay,0.0,Minnesota
1812,1812,2018,2,LA Chargers,7.0,Buffalo
1813,1813,2018,2,Tennessee,0.0,Houston
1814,1814,2018,2,Pittsburgh,4.0,Kansas City
1815,1815,2018,2,NY Jets,3.0,Miami
1816,1816,2018,2,Philadelphia,3.0,Tampa Bay
1817,1817,2018,2,New Orleans,8.0,Cleveland
1818,1818,2018,2,LA Rams,12.5,Arizona
1819,1819,2018,2,San Francisco,6.0,Detroit
1820,1820,2018,2,New England,1.0,Jacksonville
1821,1821,2018,2,Denver,6.0,Oakland
1822,1822,2018,2,Dallas,3.0,NY Giants
1823,1823,2018,2,Chicago,3.5,Seattle
1824,1824,2018,3,Cleveland,3.0,NY Jets
1825,1825,2018,3,Philadelphia,6.5,Indianapolis
1826,1826,2018,3,Carolina,3.0,Cincinnati
1827,1827,2018,3,Jacksonville,,Tennessee
1828,1828,2018,3,Atlanta,3.0,New Orleans
1829,1829,2018,3,Baltimore,5.5,Denver
1830,1830,2018,3,Houston,6.0,NY Giants
1831,1831,2018,3,Miami,3.0,Oakland
1832,1832,2018,3,Green Bay,3.0,Washington
1833,1833,2018,3,Minnesota,16.5,Buffalo
1834,1834,2018,3,Kansas City,6.5,San Francisco
1835,1835,2018,3,LA Rams,7.0,LA Chargers
1836,1836,2018,3,Chicago,6.0,Arizona
1837,1837,2018,3,Seattle,1.5,Dallas
1838,1838,2018,3,New England,6.5,Detroit
1839,1839,2018,3,Pittsburgh,1.0,Tampa Bay
1840,1840,2018,4,,0.0,
1841,1841,2018,4,,0.0,
1842,1842,2018,4,,0.0,
1843,1843,2018,4,,0.0,
1844,1844,2018,4,,0.0,
1845,1845,2018,4,,0.0,
1846,1846,2018,4,,0.0,
1847,1847,2018,4,,0.0,
1848,1848,2018,4,,0.0,
1849,1849,2018,4,,0.0,
1850,1850,2018,4,,0.0,
1851,1851,2018,4,,0.0,
1852,1852,2018,4,,0.0,
1853,1853,2018,4,,0.0,
1854,1854,2018,4,,0.0,
1855,1855,2018,5,,0.0,
1856,1856,2018,5,,0.0,
1857,1857,2018,5,,0.0,
1858,1858,2018,5,,0.0,
1859,1859,2018,5,,0.0,
1860,1860,2018,5,,0.0,
1861,1861,2018,5,,0.0,
1862,1862,2018,5,,0.0,
1863,1863,2018,5,,0.0,
1864,1864,2018,5,,0.0,
1865,1865,2018,5,,0.0,
1866,1866,2018,5,,0.0,
1867,1867,2018,5,,0.0,
1868,1868,2018,5,,0.0,
1869,1869,2018,6,,0.0,
1870,1870,2018,6,,0.0,
1871,1871,2018,6,,0.0,
1872,1872,2018,6,,0.0,
1873,1873,2018,6,,0.0,
1874,1874,2018,6,,0.0,
1875,1875,2018,6,,0.0,
1876,1876,2018,6,,0.0,
1877,1877,2018,6,,0.0,
1878,1878,2018,6,,0.0,
1879,1879,2018,6,,0.0,
1880,1880,2018,6,,0.0,
1881,1881,2018,6,,0.0,
1882,1882,2018,6,,0.0,
1883,1883,2018,6,,0.0,
1884,1884,2018,7,,0.0,
1885,1885,2018,7,,0.0,
1886,1886,2018,7,,0.0,
1887,1887,2018,7,,0.0,
1888,1888,2018,7,,0.0,
1889,1889,2018,7,,0.0,
1890,1890,2018,7,,0.0,
1891,1891,2018,7,,0.0,
1892,1892,2018,7,,0.0,
1893,1893,2018,7,,0.0,
1894,1894,2018,7,,0.0,
1895,1895,2018,7,,0.0,
1896,1896,2018,7,,0.0,
1897,1897,2018,7,,0.0,
1898,1898,2018,7,,0.0,
1899,1899,2018,8,,0.0,
1900,1900,2018,8,,0.0,
1901,1901,2018,8,,0.0,
1902,1902,2018,8,,0.0,
1903,1903,2018,8,,0.0,
1904,1904,2018,8,,0.0,
1905,1905,2018,8,,0.0,
1906,1906,2018,8,,0.0,
1907,1907,2018,8,,0.0,
1908,1908,2018,8,,0.0,
1909,1909,2018,8,,0.0,
1910,1910,2018,8,,0.0,
1911,1911,2018,8,,0.0,
1912,1912,2018,9,,0.0,
1913,1913,2018,9,,0.0,
1914,1914,2018,9,,0.0,
1915,1915,2018,9,,0.0,
1916,1916,2018,9,,0.0,
1917,1917,2018,9,,0.0,
1918,1918,2018,9,,0.0,
1919,1919,2018,9,,0.0,
1920,1920,2018,9,,0.0,
1921,1921,2018,9,,0.0,
1922,1922,2018,9,,0.0,
1923,1923,2018,9,,0.0,
1924,1924,2018,9,,0.0,
1925,1925,2018,10,,0.0,
1926,1926,2018,10,,0.0,
1927,1927,2018,10,,0.0,
1928,1928,2018,10,,0.0,
1929,1929,2018,10,,0.0,
1930,1930,2018,10,,0.0,
1931,1931,2018,10,,0.0,
1932,1932,2018,10,,0.0,
1933,1933,2018,10,,0.0,
1934,1934,2018,10,,0.0,
1935,1935,2018,10,,0.0,
1936,1936,2018,10,,0.0,
1937,1937,2018,10,,0.0,
1938,1938,2018,10,,0.0,
1939,1939,2018,11,,0.0,
1940,1940,2018,11,,0.0,
1941,1941,2018,11,,0.0,
1942,1942,2018,11,,0.0,
1943,1943,2018,11,,0.0,
1944,1944,2018,11,,0.0,
1945,1945,2018,11,,0.0,
1946,1946,2018,11,,0.0,
1947,1947,2018,11,,0.0,
1948,1948,2018,11,,0.0,
1949,1949,2018,11,,0.0,
1950,1950,2018,11,,0.0,
1951,1951,2018,11,,0.0,
1952,1952,2018,11,,0.0,
1953,1953,2018,12,,0.0,
1954,1954,2018,12,,0.0,
1955,1955,2018,12,,0.0,
1956,1956,2018,12,,0.0,
1957,1957,2018,12,,0.0,
1958,1958,2018,12,,0.0,
1959,1959,2018,12,,0.0,
1960,1960,2018,12,,0.0,
1961,1961,2018,12,,0.0,
1962,1962,2018,12,,0.0,
1963,1963,2018,12,,0.0,
1964,1964,2018,12,,0.0,
1965,1965,2018,12,,0.0,
1966,1966,2018,12,,0.0,
1967,1967,2018,12,,0.0,
1968,1968,2018,12,,0.0,
1969,1969,2018,13,,0.0,
1970,1970,2018,13,,0.0,
1971,1971,2018,13,,0.0,
1972,1972,2018,13,,0.0,
1973,1973,2018,13,,0.0,
1974,1974,2018,13,,0.0,
1975,1975,2018,13,,0.0,
1976,1976,2018,13,,0.0,
1977,1977,2018,13,,0.0,
1978,1978,2018,13,,0.0,
1979,1979,2018,13,,0.0,
1980,1980,2018,13,,0.0,
1981,1981,2018,13,,0.0,
1982,1982,2018,13,,0.0,
1983,1983,2018,13,,0.0,
1984,1984,2018,14,,0.0,
1985,1985,2018,14,,0.0,
1986,1986,2018,14,,0.0,
1987,1987,2018,14,,0.0,
1988,1988,2018,14,,0.0,
1989,1989,2018,14,,0.0,
1990,1990,2018,14,,0.0,
1991,1991,2018,14,,0.0,
1992,1992,2018,14,,0.0,
1993,1993,2018,14,,0.0,
1994,1994,2018,14,,0.0,
1995,1995,2018,14,,0.0,
1996,1996,2018,14,,0.0,
1997,1997,2018,14,,0.0,
1998,1998,2018,14,,0.0,
1999,1999,2018,14,,0.0,
2000,2000,2018,15,,0.0,
2001,2001,2018,15,,0.0,
2002,2002,2018,15,,0.0,
2003,2003,2018,15,,0.0,
2004,2004,2018,15,,0.0,
2005,2005,2018,15,,0.0,
2006,2006,2018,15,,0.0,
2007,2007,2018,15,,0.0,
2008,2008,2018,15,,0.0,
2009,2009,2018,15,,0.0,
2010,2010,2018,15,,0.0,
2011,2011,2018,15,,0.0,
2012,2012,2018,15,,0.0,
2013,2013,2018,15,,0.0,
2014,2014,2018,15,,0.0,
2015,2015,2018,15,,0.0,
2016,2016,2018,16,,0.0,
2017,2017,2018,16,,0.0,
2018,2018,2018,16,,0.0,
2019,2019,2018,16,,0.0,
2020,2020,2018,16,,0.0,
2021,2021,2018,16,,0.0,
2022,2022,2018,16,,0.0,
2023,2023,2018,16,,0.0,
2024,2024,2018,16,,0.0,
2025,2025,2018,16,,0.0,
2026,2026,2018,16,,0.0,
2027,2027,2018,16,,0.0,
2028,2028,2018,16,,0.0,
2029,2029,2018,16,,0.0,
2030,2030,2018,16,,0.0,
2031,2031,2018,16,,0.0,
2032,2032,2018,17,,0.0,
2033,2033,2018,17,,0.0,
2034,2034,2018,17,,0.0,
2035,2035,2018,17,,0.0,
2036,2036,2018,17,,0.0,
2037,2037,2018,17,,0.0,
2038,2038,2018,17,,0.0,
2039,2039,2018,17,,0.0,
2040,2040,2018,17,,0.0,
2041,2041,2018,17,,0.0,
2042,2042,2018,17,,0.0,
2043,2043,2018,17,,0.0,
2044,2044,2018,17,,0.0,
2045,2045,2018,17,,0.0,
2046,2046,2018,17,,0.0,
2047,2047,2018,17,,0.0,
